admin_id,population,source
AD-AL,22522,ghs-pop-e2020
AD-CA,8555,ghs-pop-e2020
AD-EE,10150,ghs-pop-e2020
AD-EN,12539,ghs-pop-e2020
AD-LM,10759,ghs-pop-e2020
AD-OR,4793,ghs-pop-e2020
AD-SJ,7914,ghs-pop-e2020
AE-AD,3096951,ghs-pop-e2020
AE-AJ,409386,ghs-pop-e2020
AE-DU,2939072,ghs-pop-e2020
AE-FU,246926,ghs-pop-e2020
AE-RA,459508,ghs-pop-e2020
AE-SH,1771212,ghs-pop-e2020
AE-UQ,92721,ghs-pop-e2020
AF-BAL,1829761,ghs-pop-e2020
AF-BAM,592791,ghs-pop-e2020
AF-BDG,853706,ghs-pop-e2020
AF-BDS,1567113,ghs-pop-e2020
AF-BGL,1331487,ghs-pop-e2020
AF-DAY,666283,ghs-pop-e2020
AF-FRA,785742,ghs-pop-e2020
AF-FYB,1520031,ghs-pop-e2020
AF-GHA,1260686,ghs-pop-e2020
AF-GHO,1065800,ghs-pop-e2020
AF-HIL,1304661,ghs-pop-e2020
AF-HIR,3161675,ghs-pop-e2020
AF-JAW,698682,ghs-pop-e2020
AF-KAB,6009293,ghs-pop-e2020
AF-KAN,1806384,ghs-pop-e2020
AF-KAP,615930,ghs-pop-e2020
AF-KDZ,1174122,ghs-pop-e2020
AF-KHO,1048166,ghs-pop-e2020
AF-KNR,679588,ghs-pop-e2020
AF-LAG,691350,ghs-pop-e2020
AF-LOG,546543,ghs-pop-e2020
AF-NAN,2278472,ghs-pop-e2020
AF-NIM,209557,ghs-pop-e2020
AF-NUR,221630,ghs-pop-e2020
AF-PAK,869090,ghs-pop-e2020
AF-PAN,187218,ghs-pop-e2020
AF-PAR,896435,ghs-pop-e2020
AF-PKA,609413,ghs-pop-e2020
AF-SAM,534057,ghs-pop-e2020
AF-SAP,742644,ghs-pop-e2020
AF-TAK,1497259,ghs-pop-e2020
AF-URU,532656,ghs-pop-e2020
AF-WAR,748378,ghs-pop-e2020
AF-ZAB,413286,ghs-pop-e2020
AG-BA,1452,ghs-pop-e2020
AG-RE,501827,level-median
AG-SA,4221,ghs-pop-e2020
AG-SG,8820,ghs-pop-e2020
AG-SI,2727,ghs-pop-e2020
AG-SJ,55428,ghs-pop-e2020
AG-SM,6704,ghs-pop-e2020
AG-SP,7542,ghs-pop-e2020
AI-BP,647,ghs-pop-e2020
AI-DI,33,ghs-pop-e2020
AI-EE,523,ghs-pop-e2020
AI-FA,708,ghs-pop-e2020
AI-GH,1871,ghs-pop-e2020
AI-IH,729,ghs-pop-e2020
AI-NH,224,ghs-pop-e2020
AI-NS,1292,ghs-pop-e2020
AI-PP,6,ghs-pop-e2020
AI-QU,1118,ghs-pop-e2020
AI-SA,928,ghs-pop-e2020
AI-SN,232,ghs-pop-e2020
AI-SH,1523,ghs-pop-e2020
AI-SI,169,ghs-pop-e2020
AI-SO,1,ghs-pop-e2020
AI-SG,1040,ghs-pop-e2020
AI-VA,1481,ghs-pop-e2020
AI-WE,1066,ghs-pop-e2020
AL-BR,113443,ghs-pop-e2020
AL-DI,108950,ghs-pop-e2020
AL-DR,279689,ghs-pop-e2020
AL-EL,257598,ghs-pop-e2020
AL-FR,266636,ghs-pop-e2020
AL-GJ,56314,ghs-pop-e2020
AL-KO,197387,ghs-pop-e2020
AL-KU,71298,ghs-pop-e2020
AL-LE,127894,ghs-pop-e2020
AL-SH,194927,ghs-pop-e2020
AL-TI,999825,ghs-pop-e2020
AL-VL,169734,ghs-pop-e2020
AM-AR,269526,ghs-pop-e2020
AM-AV,302856,ghs-pop-e2020
AM-ER,988640,ghs-pop-e2020
AM-GE,218503,ghs-pop-e2020
AM-KT,209769,ghs-pop-e2020
AM-LO,195693,ghs-pop-e2020
AM-RG,136683,ghs-pop-e2020
AM-SH,219206,ghs-pop-e2020
AM-SU,115332,ghs-pop-e2020
AM-TA,108501,ghs-pop-e2020
AM-VD,45583,ghs-pop-e2020
AO-BGO,449060,ghs-pop-e2020
AO-BGU,2403567,ghs-pop-e2020
AO-BIE,1666854,ghs-pop-e2020
AO-CAB,1237169,ghs-pop-e2020
AO-CCU,495888,ghs-pop-e2020
AO-CNN,1438301,ghs-pop-e2020
AO-CNO,414097,ghs-pop-e2020
AO-CUS,2080015,ghs-pop-e2020
AO-HUA,2055776,ghs-pop-e2020
AO-HUI,3710927,ghs-pop-e2020
AO-LNO,1027170,ghs-pop-e2020
AO-LSU,595610,ghs-pop-e2020
AO-LUA,10062517,ghs-pop-e2020
AO-MAL,1441539,ghs-pop-e2020
AO-MOX,1383795,ghs-pop-e2020
AO-NAM,708852,ghs-pop-e2020
AO-UIG,1073213,ghs-pop-e2020
AO-ZAI,901198,ghs-pop-e2020
AR-BA,17164046,ghs-pop-e2020
AR-CA,423312,ghs-pop-e2020
AR-CB,2847017,ghs-pop-e2020
AR-CH,1182688,ghs-pop-e2020
AR-CO,3633379,ghs-pop-e2020
AR-CR,1109632,ghs-pop-e2020
AR-CU,645343,ghs-pop-e2020
AR-ER,1366039,ghs-pop-e2020
AR-FO,601062,ghs-pop-e2020
AR-JU,773140,ghs-pop-e2020
AR-ME,2051440,ghs-pop-e2020
AR-MI,1346894,ghs-pop-e2020
AR-NE,671039,ghs-pop-e2020
AR-PA,363759,ghs-pop-e2020
AR-RI,413705,ghs-pop-e2020
AR-RN,764270,ghs-pop-e2020
AR-SA,1413371,ghs-pop-e2020
AR-SC,393667,ghs-pop-e2020
AR-SE,1002371,ghs-pop-e2020
AR-SF,3644842,ghs-pop-e2020
AR-SJ,757569,ghs-pop-e2020
AR-SL,528456,ghs-pop-e2020
AR-TF,145712,ghs-pop-e2020
AR-TU,1678394,ghs-pop-e2020
AS-EA,14771,ghs-pop-e2020
AS-MA,656,ghs-pop-e2020
AS-UN,8,ghs-pop-e2020
AS-WE,25192,ghs-pop-e2020
AT-BU,293826,ghs-pop-e2020
AT-KA,565755,ghs-pop-e2020
AT-NI,1693211,ghs-pop-e2020
AT-OB,1463791,ghs-pop-e2020
AT-SA,554758,ghs-pop-e2020
AT-ST,1254475,ghs-pop-e2020
AT-TI,766492,ghs-pop-e2020
AT-VO,388223,ghs-pop-e2020
AT-WI,1926335,ghs-pop-e2020
AU-ACT,403023,ghs-pop-e2020
AU-ASC,501827,level-median
AU-CSI,501827,level-median
AU-JEB,858,ghs-pop-e2020
AU-NOR,242096,ghs-pop-e2020
AU-NSW,7819202,ghs-pop-e2020
AU-QLD,5088337,ghs-pop-e2020
AU-SAU,1749559,ghs-pop-e2020
AU-TAS,509563,ghs-pop-e2020
AU-VIC,6618768,ghs-pop-e2020
AU-WEA,2617674,ghs-pop-e2020
AX-AR,1806,ghs-pop-e2020
AX-CO,16947,ghs-pop-e2020
AX-MA,10685,ghs-pop-e2020
AZ-ABS,2942588,ghs-pop-e2020
AZ-ARA,2053753,ghs-pop-e2020
AZ-DAS,329512,ghs-pop-e2020
AZ-GAQ,1318665,ghs-pop-e2020
AZ-KAL,259668,ghs-pop-e2020
AZ-LAN,944788,ghs-pop-e2020
AZ-NAK,475228,ghs-pop-e2020
AZ-QUK,556993,ghs-pop-e2020
AZ-SHZ,637450,ghs-pop-e2020
AZ-YUK,655331,ghs-pop-e2020
BA-BRC,118140,ghs-pop-e2020
BA-FBI,2097562,ghs-pop-e2020
BA-RES,1097424,ghs-pop-e2020
BB-CHC,51312,ghs-pop-e2020
BB-SAA,4644,ghs-pop-e2020
BB-SAG,19669,ghs-pop-e2020
BB-SJO,7886,ghs-pop-e2020
BB-SAL,8194,ghs-pop-e2020
BB-SAM,82959,ghs-pop-e2020
BB-SAP,34004,ghs-pop-e2020
BB-SAT,14177,ghs-pop-e2020
BB-SAJ,29013,ghs-pop-e2020
BB-SAI,5336,ghs-pop-e2020
BB-SPE,9865,ghs-pop-e2020
BD-BA,8395846,ghs-pop-e2020
BD-CH,32458978,ghs-pop-e2020
BD-DH,46151294,ghs-pop-e2020
BD-KH,16582750,ghs-pop-e2020
BD-MY,12761509,ghs-pop-e2020
BD-RA,20676299,ghs-pop-e2020
BD-RN,17701921,ghs-pop-e2020
BD-SY,12023908,ghs-pop-e2020
BE-BRU,1223338,ghs-pop-e2020
BE-VLG,6625502,ghs-pop-e2020
BE-WAL,3693934,ghs-pop-e2020
BF-BDM,1915313,ghs-pop-e2020
BF-CAS,1015596,ghs-pop-e2020
BF-CEE,1650212,ghs-pop-e2020
BF-CEN,3313644,ghs-pop-e2020
BF-CEO,1661903,ghs-pop-e2020
BF-CES,839516,ghs-pop-e2020
BF-CNO,1706264,ghs-pop-e2020
BF-EST,1956398,ghs-pop-e2020
BF-HBA,2599029,ghs-pop-e2020
BF-NOR,1572516,ghs-pop-e2020
BF-PLC,912051,ghs-pop-e2020
BF-SAH,1457837,ghs-pop-e2020
BF-SOU,869123,ghs-pop-e2020
BG-BL,307117,ghs-pop-e2020
BG-BU,388228,ghs-pop-e2020
BG-DO,167826,ghs-pop-e2020
BG-GA,106539,ghs-pop-e2020
BG-GS,1396613,ghs-pop-e2020
BG-HA,221198,ghs-pop-e2020
BG-KA,142605,ghs-pop-e2020
BG-KY,117650,ghs-pop-e2020
BG-LO,120114,ghs-pop-e2020
BG-MO,123070,ghs-pop-e2020
BG-PA,247604,ghs-pop-e2020
BG-PR,121294,ghs-pop-e2020
BG-PE,228801,ghs-pop-e2020
BG-PL,687489,ghs-pop-e2020
BG-RA,104970,ghs-pop-e2020
BG-RU,205884,ghs-pop-e2020
BG-SH,161156,ghs-pop-e2020
BG-SI,104210,ghs-pop-e2020
BG-SL,179331,ghs-pop-e2020
BG-SM,107559,ghs-pop-e2020
BG-SO,229580,ghs-pop-e2020
BG-SZ,304143,ghs-pop-e2020
BG-TA,107634,ghs-pop-e2020
BG-VA,485541,ghs-pop-e2020
BG-VI,80022,ghs-pop-e2020
BG-VR,148095,ghs-pop-e2020
BG-VT,228832,ghs-pop-e2020
BG-YA,113041,ghs-pop-e2020
BH-CA,705413,ghs-pop-e2020
BH-MU,209760,ghs-pop-e2020
BH-NO,213555,ghs-pop-e2020
BH-SO,171451,ghs-pop-e2020
BI-BB,473849,ghs-pop-e2020
BI-BL,718388,ghs-pop-e2020
BI-BM,973902,ghs-pop-e2020
BI-BR,934651,ghs-pop-e2020
BI-CA,377747,ghs-pop-e2020
BI-CI,666647,ghs-pop-e2020
BI-GI,1004849,ghs-pop-e2020
BI-KI,963105,ghs-pop-e2020
BI-KR,595443,ghs-pop-e2020
BI-KY,925365,ghs-pop-e2020
BI-MA,634361,ghs-pop-e2020
BI-MU,404141,ghs-pop-e2020
BI-MW,393387,ghs-pop-e2020
BI-MY,1044547,ghs-pop-e2020
BI-NG,874396,ghs-pop-e2020
BI-RT,572533,ghs-pop-e2020
BI-RY,656552,ghs-pop-e2020
BJ-AL,1159743,ghs-pop-e2020
BJ-AQ,1841118,ghs-pop-e2020
BJ-AT,1007680,ghs-pop-e2020
BJ-BO,1639529,ghs-pop-e2020
BJ-CO,832386,ghs-pop-e2020
BJ-DO,683679,ghs-pop-e2020
BJ-KO,876745,ghs-pop-e2020
BJ-LI,865272,ghs-pop-e2020
BJ-MO,564981,ghs-pop-e2020
BJ-OU,1328974,ghs-pop-e2020
BJ-PL,756936,ghs-pop-e2020
BJ-ZO,1018369,ghs-pop-e2020
BL-AV,3811,ghs-pop-e2020
BL-SL,4601,ghs-pop-e2020
BM-DE,5182,ghs-pop-e2020
BM-HA,5532,ghs-pop-e2020
BM-HM,1165,ghs-pop-e2020
BM-PA,5804,ghs-pop-e2020
BM-PE,6964,ghs-pop-e2020
BM-SA,4787,ghs-pop-e2020
BM-SG,3623,ghs-pop-e2020
BM-SI,874,ghs-pop-e2020
BM-SM,4263,ghs-pop-e2020
BM-SO,4772,ghs-pop-e2020
BM-WA,7367,ghs-pop-e2020
BN-BE,60252,ghs-pop-e2020
BN-BM,317626,ghs-pop-e2020
BN-TE,8764,ghs-pop-e2020
BN-TU,45677,ghs-pop-e2020
BO-BE,458223,ghs-pop-e2020
BO-CH,637815,ghs-pop-e2020
BO-CO,2092615,ghs-pop-e2020
BO-OR,611024,ghs-pop-e2020
BO-PA,3148437,ghs-pop-e2020
BO-PN,181471,ghs-pop-e2020
BO-PO,930167,ghs-pop-e2020
BO-SC,3304323,ghs-pop-e2020
BO-TA,607547,ghs-pop-e2020
BQ-BO,18250,ghs-pop-e2020
BQ-SA,1926,ghs-pop-e2020
BQ-SE,4720,ghs-pop-e2020
BR-AC,905928,ghs-pop-e2020
BR-AL,3354850,ghs-pop-e2020
BR-AM,4305777,ghs-pop-e2020
BR-AP,877650,ghs-pop-e2020
BR-BA,15075249,ghs-pop-e2020
BR-CE,9358228,ghs-pop-e2020
BR-DF,3278053,ghs-pop-e2020
BR-ES,4060022,ghs-pop-e2020
BR-GO,7349705,ghs-pop-e2020
BR-MA,7399627,ghs-pop-e2020
BR-MG,21504351,ghs-pop-e2020
BR-MS,2847212,ghs-pop-e2020
BR-MT,3569676,ghs-pop-e2020
BR-PA,9000870,ghs-pop-e2020
BR-PB,4091108,ghs-pop-e2020
BR-PE,9820018,ghs-pop-e2020
BR-PI,3407485,ghs-pop-e2020
BR-PR,11318442,ghs-pop-e2020
BR-RJ,17294357,ghs-pop-e2020
BR-RN,3606708,ghs-pop-e2020
BR-RO,1752331,ghs-pop-e2020
BR-RR,581133,ghs-pop-e2020
BR-RS,11241939,ghs-pop-e2020
BR-SC,7106510,ghs-pop-e2020
BR-SE,2426985,ghs-pop-e2020
BR-SP,45176711,ghs-pop-e2020
BR-TO,1652297,ghs-pop-e2020
BS-AK,492,ghs-pop-e2020
BS-BI,671,ghs-pop-e2020
BS-BP,1394,ghs-pop-e2020
BS-BY,441,ghs-pop-e2020
BS-CE,1333,ghs-pop-e2020
BS-CI,910,ghs-pop-e2020
BS-CK,231,ghs-pop-e2020
BS-CO,8868,ghs-pop-e2020
BS-CS,325,ghs-pop-e2020
BS-EG,970,ghs-pop-e2020
BS-EX,6014,ghs-pop-e2020
BS-FP,11474,ghs-pop-e2020
BS-GC,42,ghs-pop-e2020
BS-HI,885,ghs-pop-e2020
BS-HT,1863,ghs-pop-e2020
BS-IN,554,ghs-pop-e2020
BS-LI,2466,ghs-pop-e2020
BS-MC,444,ghs-pop-e2020
BS-MG,217,ghs-pop-e2020
BS-MI,288,ghs-pop-e2020
BS-NE,2368,ghs-pop-e2020
BS-NO,1289,ghs-pop-e2020
BS-NP,284180,ghs-pop-e2020
BS-NS,3910,ghs-pop-e2020
BS-RC,69,ghs-pop-e2020
BS-RI,42,ghs-pop-e2020
BS-SA,675,ghs-pop-e2020
BS-SE,1748,ghs-pop-e2020
BS-SO,756,ghs-pop-e2020
BS-SS,560,ghs-pop-e2020
BS-SW,459,ghs-pop-e2020
BS-WG,33901,ghs-pop-e2020
BT-BU,20019,ghs-pop-e2020
BT-CH,154123,ghs-pop-e2020
BT-DA,29035,ghs-pop-e2020
BT-GA,3250,ghs-pop-e2020
BT-HA,15213,ghs-pop-e2020
BT-LH,17256,ghs-pop-e2020
BT-MO,48088,ghs-pop-e2020
BT-PA,43818,ghs-pop-e2020
BT-PG,26060,ghs-pop-e2020
BT-PU,24215,ghs-pop-e2020
BT-SA,72932,ghs-pop-e2020
BT-SJ,46410,ghs-pop-e2020
BT-SR,48174,ghs-pop-e2020
BT-TH,93842,ghs-pop-e2020
BT-TO,17057,ghs-pop-e2020
BT-TR,60357,ghs-pop-e2020
BT-TS,23731,ghs-pop-e2020
BT-TY,20722,ghs-pop-e2020
BT-WP,44686,ghs-pop-e2020
BT-ZH,22975,ghs-pop-e2020
BW-CE,688677,ghs-pop-e2020
BW-CH,29744,ghs-pop-e2020
BW-FR,124282,ghs-pop-e2020
BW-GA,244021,ghs-pop-e2020
BW-GH,58525,ghs-pop-e2020
BW-JW,5356,ghs-pop-e2020
BW-KG,62284,ghs-pop-e2020
BW-KL,121993,ghs-pop-e2020
BW-KW,407182,ghs-pop-e2020
BW-LO,82949,ghs-pop-e2020
BW-NE,82899,ghs-pop-e2020
BW-NW,192439,ghs-pop-e2020
BW-SE,125476,ghs-pop-e2020
BW-SO,255870,ghs-pop-e2020
BW-SP,60460,ghs-pop-e2020
BW-ST,2543,ghs-pop-e2020
BY-BR,1445339,ghs-pop-e2020
BY-GO,1480903,ghs-pop-e2020
BY-GR,1056975,ghs-pop-e2020
BY-MI,1171746,ghs-pop-e2020
BY-MN,2169525,ghs-pop-e2020
BY-MO,1064774,ghs-pop-e2020
BY-VI,1247598,ghs-pop-e2020
BZ-BZ,112596,ghs-pop-e2020
BZ-CO,44911,ghs-pop-e2020
BZ-CY,97533,ghs-pop-e2020
BZ-OW,44895,ghs-pop-e2020
BZ-SC,41594,ghs-pop-e2020
BZ-TO,31085,ghs-pop-e2020
CA-AB,4619971,ghs-pop-e2020
CA-BC,4899822,ghs-pop-e2020
CA-MB,1374360,ghs-pop-e2020
CA-NB,778829,ghs-pop-e2020
CA-NL,486154,ghs-pop-e2020
CA-NS,923806,ghs-pop-e2020
CA-NT,42038,ghs-pop-e2020
CA-NU,29845,ghs-pop-e2020
CA-ON,14317520,ghs-pop-e2020
CA-PE,143130,ghs-pop-e2020
CA-QC,8258939,ghs-pop-e2020
CA-SK,1235499,ghs-pop-e2020
CA-YT,42431,ghs-pop-e2020
CD-BC,3915747,ghs-pop-e2020
CD-BU,1165902,ghs-pop-e2020
CD-EQ,1891579,ghs-pop-e2020
CD-HK,7239305,ghs-pop-e2020
CD-HL,5954123,ghs-pop-e2020
CD-HU,1632252,ghs-pop-e2020
CD-IT,4813028,ghs-pop-e2020
CD-KC,5520226,ghs-pop-e2020
CD-KE,4361490,ghs-pop-e2020
CD-KG,1834166,ghs-pop-e2020
CD-KL,3509571,ghs-pop-e2020
CD-KN,10509300,ghs-pop-e2020
CD-KS,4783473,ghs-pop-e2020
CD-LO,3198317,ghs-pop-e2020
CD-LU,2994643,ghs-pop-e2020
CD-MA,2361332,ghs-pop-e2020
CD-MN,1325367,ghs-pop-e2020
CD-MO,1784194,ghs-pop-e2020
CD-NK,7227687,ghs-pop-e2020
CD-NU,1207909,ghs-pop-e2020
CD-SA,151897,ghs-pop-e2020
CD-SK,4880053,ghs-pop-e2020
CD-SU,2322273,ghs-pop-e2020
CD-TA,4138305,ghs-pop-e2020
CD-TO,2823923,ghs-pop-e2020
CD-TU,1294129,ghs-pop-e2020
CF-AC,505675,ghs-pop-e2020
CF-BA,320672,ghs-pop-e2020
CF-BB,58714,ghs-pop-e2020
CF-BK,338005,ghs-pop-e2020
CF-HK,121988,ghs-pop-e2020
CF-HM,78200,ghs-pop-e2020
CF-HS,484120,ghs-pop-e2020
CF-KG,159539,ghs-pop-e2020
CF-LB,334962,ghs-pop-e2020
CF-MB,222626,ghs-pop-e2020
CF-MP,1069465,ghs-pop-e2020
CF-NG,159032,ghs-pop-e2020
CF-NM,317876,ghs-pop-e2020
CF-OP,587621,ghs-pop-e2020
CF-SE,150777,ghs-pop-e2020
CF-UK,376834,ghs-pop-e2020
CF-VK,75444,ghs-pop-e2020
CG-BOU,248683,ghs-pop-e2020
CG-BZV,2361563,ghs-pop-e2020
CG-CUO,152999,ghs-pop-e2020
CG-CUV,162553,ghs-pop-e2020
CG-KOU,600941,ghs-pop-e2020
CG-LEK,145391,ghs-pop-e2020
CG-LIK,977178,ghs-pop-e2020
CG-NIA,144565,ghs-pop-e2020
CG-PLA,111195,ghs-pop-e2020
CG-PON,285293,ghs-pop-e2020
CG-POO,428403,ghs-pop-e2020
CG-SAN,101304,ghs-pop-e2020
CH-AG,677664,ghs-pop-e2020
CH-AI,17231,ghs-pop-e2020
CH-AR,55164,ghs-pop-e2020
CH-BE,1024466,ghs-pop-e2020
CH-BL,280717,ghs-pop-e2020
CH-BS,174133,ghs-pop-e2020
CH-FR,332839,ghs-pop-e2020
CH-GE,508149,ghs-pop-e2020
CH-GL,40014,ghs-pop-e2020
CH-GR,211929,ghs-pop-e2020
CH-JU,72314,ghs-pop-e2020
CH-LU,420632,ghs-pop-e2020
CH-NE,180712,ghs-pop-e2020
CH-NW,41516,ghs-pop-e2020
CH-OW,39796,ghs-pop-e2020
CH-SG,513787,ghs-pop-e2020
CH-SH,76881,ghs-pop-e2020
CH-SO,268750,ghs-pop-e2020
CH-SZ,169172,ghs-pop-e2020
CH-TG,264960,ghs-pop-e2020
CH-TI,367549,ghs-pop-e2020
CH-UR,36532,ghs-pop-e2020
CH-VD,824466,ghs-pop-e2020
CH-VS,367538,ghs-pop-e2020
CH-ZG,131183,ghs-pop-e2020
CH-ZH,1505317,ghs-pop-e2020
CI-AB,5730689,ghs-pop-e2020
CI-BS,2686866,ghs-pop-e2020
CI-CM,1375680,ghs-pop-e2020
CI-DN,336789,ghs-pop-e2020
CI-GD,1902151,ghs-pop-e2020
CI-LC,1451373,ghs-pop-e2020
CI-LG,1588358,ghs-pop-e2020
CI-MG,2855831,ghs-pop-e2020
CI-SM,2729312,ghs-pop-e2020
CI-SV,1976573,ghs-pop-e2020
CI-VB,1631857,ghs-pop-e2020
CI-WR,1027774,ghs-pop-e2020
CI-YM,407110,ghs-pop-e2020
CI-ZZ,1044475,ghs-pop-e2020
CK-AI,2710,ghs-pop-e2020
CK-AT,629,ghs-pop-e2020
CK-MA,655,ghs-pop-e2020
CK-MI,187,ghs-pop-e2020
CK-MK,279,ghs-pop-e2020
CK-MN,59,ghs-pop-e2020
CK-PA,75,ghs-pop-e2020
CK-PE,79,ghs-pop-e2020
CK-PU,348,ghs-pop-e2020
CK-RA,7681,ghs-pop-e2020
CK-RK,16,ghs-pop-e2020
CL-AG,120236,ghs-pop-e2020
CL-AN,583737,ghs-pop-e2020
CL-AP,162062,ghs-pop-e2020
CL-AR,1094851,ghs-pop-e2020
CL-AT,317820,ghs-pop-e2020
CL-BB,1723354,ghs-pop-e2020
CL-CO,841757,ghs-pop-e2020
CL-LG,1006711,ghs-pop-e2020
CL-LL,949274,ghs-pop-e2020
CL-LR,395660,ghs-pop-e2020
CL-MA,158685,ghs-pop-e2020
CL-ML,1137939,ghs-pop-e2020
CL-NB,490603,ghs-pop-e2020
CL-SM,7692674,ghs-pop-e2020
CL-TA,191170,ghs-pop-e2020
CL-VS,1991225,ghs-pop-e2020
CM-AD,1307890,ghs-pop-e2020
CM-CE,5848910,ghs-pop-e2020
CM-EN,4347565,ghs-pop-e2020
CM-ES,980315,ghs-pop-e2020
CM-LT,4537469,ghs-pop-e2020
CM-NO,2776312,ghs-pop-e2020
CM-NW,2118077,ghs-pop-e2020
CM-OU,1967938,ghs-pop-e2020
CM-SU,882319,ghs-pop-e2020
CM-SW,1721886,ghs-pop-e2020
CN-AH,62298793,ghs-pop-e2020
CN-BJ,23109207,ghs-pop-e2020
CN-CQ,32059651,ghs-pop-e2020
CN-FJ,38118072,ghs-pop-e2020
CN-GD,117834492,ghs-pop-e2020
CN-GS,25550422,ghs-pop-e2020
CN-GX,48210904,ghs-pop-e2020
CN-GZ,34713596,ghs-pop-e2020
CN-HA,98394140,ghs-pop-e2020
CN-HB,56215685,ghs-pop-e2020
CN-HE,77038708,ghs-pop-e2020
CN-HI,9409348,ghs-pop-e2020
CN-HK,7055869,ghs-pop-e2020
CN-HL,39517991,ghs-pop-e2020
CN-HN,68773770,ghs-pop-e2020
CN-JL,27735649,ghs-pop-e2020
CN-JS,89496410,ghs-pop-e2020
CN-JX,49609804,ghs-pop-e2020
CN-LN,45107555,ghs-pop-e2020
CN-MO,591615,ghs-pop-e2020
CN-NH,7212435,ghs-pop-e2020
CN-NM,26043995,ghs-pop-e2020
CN-QH,6389738,ghs-pop-e2020
CN-SC,78138814,ghs-pop-e2020
CN-SD,99113020,ghs-pop-e2020
CN-SH,30740838,ghs-pop-e2020
CN-SN,38872694,ghs-pop-e2020
CN-SX,39197577,ghs-pop-e2020
CN-TJ,15703028,ghs-pop-e2020
CN-XU,25393606,ghs-pop-e2020
CN-XZ,3275604,ghs-pop-e2020
CN-YN,48400290,ghs-pop-e2020
CN-ZJ,59929312,ghs-pop-e2020
CO-AM,107078,ghs-pop-e2020
CO-AN,6108070,ghs-pop-e2020
CO-AR,348836,ghs-pop-e2020
CO-AS,61000,dane-2018-approx
CO-AT,2629751,ghs-pop-e2020
CO-BD,7743955,dane-2020
CO-BO,2357283,ghs-pop-e2020
CO-BY,1168261,ghs-pop-e2020
CO-CA,1385829,ghs-pop-e2020
CO-CE,1093863,ghs-pop-e2020
CO-CH,475718,ghs-pop-e2020
CO-CL,892305,ghs-pop-e2020
CO-CO,1863488,ghs-pop-e2020
CO-CQ,533352,ghs-pop-e2020
CO-CS,635524,ghs-pop-e2020
CO-CU,3074900,ghs-pop-e2020
CO-GJ,1042172,ghs-pop-e2020
CO-GU,78324,ghs-pop-e2020
CO-GV,135705,ghs-pop-e2020
CO-HU,1144394,ghs-pop-e2020
CO-MA,1168308,ghs-pop-e2020
CO-ME,907178,ghs-pop-e2020
CO-NA,1615971,ghs-pop-e2020
CO-NS,1332736,ghs-pop-e2020
CO-PU,407891,ghs-pop-e2020
CO-QU,594374,ghs-pop-e2020
CO-RI,929531,ghs-pop-e2020
CO-SA,2266253,ghs-pop-e2020
CO-SU,811691,ghs-pop-e2020
CO-TO,1336349,ghs-pop-e2020
CO-VA,4806001,ghs-pop-e2020
CO-VI,73188,ghs-pop-e2020
CO-VP,71949,ghs-pop-e2020
CR-AL,1131236,ghs-pop-e2020
CR-CA,549002,ghs-pop-e2020
CR-GU,389070,ghs-pop-e2020
CR-HE,528938,ghs-pop-e2020
CR-LI,429726,ghs-pop-e2020
CR-PU,450633,ghs-pop-e2020
CR-SJ,1617481,ghs-pop-e2020
CU-CE,431562,ghs-pop-e2020
CU-CH,2089640,ghs-pop-e2020
CU-CI,399322,ghs-pop-e2020
CU-CA,764485,ghs-pop-e2020
CU-GR,827903,ghs-pop-e2020
CU-GU,494341,ghs-pop-e2020
CU-HA,359419,ghs-pop-e2020
CU-HO,1020630,ghs-pop-e2020
CU-IJ,81864,ghs-pop-e2020
CU-MA,684296,ghs-pop-e2020
CU-MY,377933,ghs-pop-e2020
CU-PR,713000,ghs-pop-e2020
CU-SC,1052207,ghs-pop-e2020
CU-SS,464780,ghs-pop-e2020
CU-TU,529689,ghs-pop-e2020
CU-VC,774278,ghs-pop-e2020
CV-BR,5773,ghs-pop-e2020
CV-BV,14354,ghs-pop-e2020
CV-CA,42171,ghs-pop-e2020
CV-CF,19157,ghs-pop-e2020
CV-CR,9718,ghs-pop-e2020
CV-MA,6237,ghs-pop-e2020
CV-MO,5779,ghs-pop-e2020
CV-PA,16235,ghs-pop-e2020
CV-PN,6958,ghs-pop-e2020
CV-PR,16781,ghs-pop-e2020
CV-RB,8121,ghs-pop-e2020
CV-RG,20853,ghs-pop-e2020
CV-RS,8834,ghs-pop-e2020
CV-SD,16983,ghs-pop-e2020
CV-SF,15880,ghs-pop-e2020
CV-SL,24047,ghs-pop-e2020
CV-SM,6358,ghs-pop-e2020
CV-SO,154001,ghs-pop-e2020
CV-SS,23400,ghs-pop-e2020
CV-SV,88924,ghs-pop-e2020
CV-TA,33078,ghs-pop-e2020
CV-TS,4180,ghs-pop-e2020
CY-FA,42194,ghs-pop-e2020
CY-LA,132219,ghs-pop-e2020
CY-LI,252689,ghs-pop-e2020
CY-NI,327019,ghs-pop-e2020
CY-PA,108363,ghs-pop-e2020
CZ-JH,619379,ghs-pop-e2020
CZ-JI,1170773,ghs-pop-e2020
CZ-KA,288905,ghs-pop-e2020
CZ-KR,538151,ghs-pop-e2020
CZ-KV,504082,ghs-pop-e2020
CZ-LI,426379,ghs-pop-e2020
CZ-MO,1151963,ghs-pop-e2020
CZ-OL,597661,ghs-pop-e2020
CZ-PA,501080,ghs-pop-e2020
CZ-PL,577178,ghs-pop-e2020
CZ-PR,1331311,ghs-pop-e2020
CZ-ST,1468285,ghs-pop-e2020
CZ-US,802148,ghs-pop-e2020
CZ-ZL,562031,ghs-pop-e2020
DE-BB,2510038,ghs-pop-e2020
DE-BE,3566126,ghs-pop-e2020
DE-BW,10984282,ghs-pop-e2020
DE-BY,13216746,ghs-pop-e2020
DE-HB,687938,ghs-pop-e2020
DE-HE,6256460,ghs-pop-e2020
DE-HH,1786182,ghs-pop-e2020
DE-MV,1528303,ghs-pop-e2020
DE-NI,7958755,ghs-pop-e2020
DE-NW,18331709,ghs-pop-e2020
DE-RP,4153343,ghs-pop-e2020
DE-SH,2873898,ghs-pop-e2020
DE-SL,999443,ghs-pop-e2020
DE-SN,4155366,ghs-pop-e2020
DE-ST,2180877,ghs-pop-e2020
DE-TH,2098647,ghs-pop-e2020
DJ-AR,38696,ghs-pop-e2020
DJ-AS,104837,ghs-pop-e2020
DJ-DI,80098,ghs-pop-e2020
DJ-DJ,669596,ghs-pop-e2020
DJ-OB,38464,ghs-pop-e2020
DJ-TA,102725,ghs-pop-e2020
DK-HO,1813584,ghs-pop-e2020
DK-MI,1307264,ghs-pop-e2020
DK-NO,562228,ghs-pop-e2020
DK-SL,795727,ghs-pop-e2020
DK-SY,1202811,ghs-pop-e2020
DM-SAA,7636,ghs-pop-e2020
DM-SAD,4813,ghs-pop-e2020
DM-SAG,20351,ghs-pop-e2020
DM-SAJ,5721,ghs-pop-e2020
DM-SAL,1170,ghs-pop-e2020
DM-SAM,1150,ghs-pop-e2020
DM-SAP,8713,ghs-pop-e2020
DM-SJO,4399,ghs-pop-e2020
DM-SPA,6182,ghs-pop-e2020
DM-SPE,1172,ghs-pop-e2020
DO-AL,296596,ghs-pop-e2020
DO-AN,59659,ghs-pop-e2020
DO-AZ,222886,ghs-pop-e2020
DO-BA,182003,ghs-pop-e2020
DO-BH,123590,ghs-pop-e2020
DO-DA,65191,ghs-pop-e2020
DO-DN,1025318,ghs-pop-e2020
DO-DU,320683,ghs-pop-e2020
DO-ES,274398,ghs-pop-e2020
DO-HM,93003,ghs-pop-e2020
DO-IN,58356,ghs-pop-e2020
DO-MC,116967,ghs-pop-e2020
DO-MN,174779,ghs-pop-e2020
DO-MP,213641,ghs-pop-e2020
DO-MT,162593,ghs-pop-e2020
DO-PD,41952,ghs-pop-e2020
DO-PE,259155,ghs-pop-e2020
DO-PP,316240,ghs-pop-e2020
DO-RO,287506,ghs-pop-e2020
DO-SA,1014574,ghs-pop-e2020
DO-SC,651633,ghs-pop-e2020
DO-SD,3152877,ghs-pop-e2020
DO-SE,85146,ghs-pop-e2020
DO-SJ,225215,ghs-pop-e2020
DO-SL,88924,ghs-pop-e2020
DO-SM,102278,ghs-pop-e2020
DO-SN,51720,ghs-pop-e2020
DO-SP,342633,ghs-pop-e2020
DO-SR,147687,ghs-pop-e2020
DO-ST,62947,ghs-pop-e2020
DO-VA,214610,ghs-pop-e2020
DO-VE,427881,ghs-pop-e2020
DZ-AD,965046,ghs-pop-e2020
DZ-AL,3488526,ghs-pop-e2020
DZ-AN,667131,ghs-pop-e2020
DZ-AT,452699,ghs-pop-e2020
DZ-BA,1422965,ghs-pop-e2020
DZ-BB,773000,ghs-pop-e2020
DZ-BC,352530,ghs-pop-e2020
DZ-BE,1029203,ghs-pop-e2020
DZ-BI,999268,ghs-pop-e2020
DZ-BL,1406419,ghs-pop-e2020
DZ-BO,1079285,ghs-pop-e2020
DZ-BR,836277,ghs-pop-e2020
DZ-CH,1255963,ghs-pop-e2020
DZ-CO,1096979,ghs-pop-e2020
DZ-DJ,1749491,ghs-pop-e2020
DZ-DR,565786,ghs-pop-e2020
DZ-EB,344409,ghs-pop-e2020
DZ-EO,915753,ghs-pop-e2020
DZ-ET,511962,ghs-pop-e2020
DZ-GH,481038,ghs-pop-e2020
DZ-GU,584862,ghs-pop-e2020
DZ-IL,90686,ghs-pop-e2020
DZ-JI,743631,ghs-pop-e2020
DZ-KH,495979,ghs-pop-e2020
DZ-LA,737330,ghs-pop-e2020
DZ-MA,985368,ghs-pop-e2020
DZ-ME,901947,ghs-pop-e2020
DZ-MI,944119,ghs-pop-e2020
DZ-MO,925932,ghs-pop-e2020
DZ-MS,1330359,ghs-pop-e2020
DZ-NA,333867,ghs-pop-e2020
DZ-OE,812325,ghs-pop-e2020
DZ-OR,1800072,ghs-pop-e2020
DZ-OU,775548,ghs-pop-e2020
DZ-RE,890955,ghs-pop-e2020
DZ-SA,572320,ghs-pop-e2020
DZ-SB,742717,ghs-pop-e2020
DZ-SD,426165,ghs-pop-e2020
DZ-SE,1839438,ghs-pop-e2020
DZ-SK,1102836,ghs-pop-e2020
DZ-TA,250927,ghs-pop-e2020
DZ-TE,835101,ghs-pop-e2020
DZ-TI,1085410,ghs-pop-e2020
DZ-TL,1155419,ghs-pop-e2020
DZ-TN,102831,ghs-pop-e2020
DZ-TO,1219594,ghs-pop-e2020
DZ-TP,720597,ghs-pop-e2020
DZ-TS,385564,ghs-pop-e2020
EC-AZ,880973,ghs-pop-e2020
EC-BO,200472,ghs-pop-e2020
EC-CA,253743,ghs-pop-e2020
EC-CH,521560,ghs-pop-e2020
EC-CO,477845,ghs-pop-e2020
EC-CR,180568,ghs-pop-e2020
EC-ES,629115,ghs-pop-e2020
EC-GA,30421,ghs-pop-e2020
EC-GU,4482737,ghs-pop-e2020
EC-IM,465702,ghs-pop-e2020
EC-LO,496098,ghs-pop-e2020
EC-MA,1567579,ghs-pop-e2020
EC-MS,191945,ghs-pop-e2020
EC-NA,167196,ghs-pop-e2020
EC-OR,684842,ghs-pop-e2020
EC-PA,113783,ghs-pop-e2020
EC-PI,3170754,ghs-pop-e2020
EC-RI,935484,ghs-pop-e2020
EC-RL,218737,ghs-pop-e2020
EC-SD,516911,ghs-pop-e2020
EC-SE,366664,ghs-pop-e2020
EC-SU,241938,ghs-pop-e2020
EC-TU,580559,ghs-pop-e2020
EC-ZC,109366,ghs-pop-e2020
EE-HA,634408,ghs-pop-e2020
EE-HI,5263,ghs-pop-e2020
EE-IV,125729,ghs-pop-e2020
EE-JA,26053,ghs-pop-e2020
EE-JO,25320,ghs-pop-e2020
EE-LA,18121,ghs-pop-e2020
EE-LV,47543,ghs-pop-e2020
EE-PA,79483,ghs-pop-e2020
EE-PO,24845,ghs-pop-e2020
EE-RA,39587,ghs-pop-e2020
EE-SA,36381,ghs-pop-e2020
EE-TA,146359,ghs-pop-e2020
EE-VA,23802,ghs-pop-e2020
EE-VI,39887,ghs-pop-e2020
EE-VO,28154,ghs-pop-e2020
EG-AF,3781883,ghs-pop-e2020
EG-AS,8271742,ghs-pop-e2020
EG-AI,6010917,ghs-pop-e2020
EG-AM,4618578,ghs-pop-e2020
EG-AQ,10270971,ghs-pop-e2020
EG-AB,669471,ghs-pop-e2020
EG-AW,264097,ghs-pop-e2020
EG-BA,329776,ghs-pop-e2020
EG-BH,6766415,ghs-pop-e2020
EG-BS,3354829,ghs-pop-e2020
EG-BU,823041,ghs-pop-e2020
EG-DK,7020763,ghs-pop-e2020
EG-DT,1590897,ghs-pop-e2020
EG-GH,5625917,ghs-pop-e2020
EG-GZ,10595029,ghs-pop-e2020
EG-IS,1397783,ghs-pop-e2020
EG-JS,167791,ghs-pop-e2020
EG-KA,3712392,ghs-pop-e2020
EG-KB,6683197,ghs-pop-e2020
EG-KN,2870014,ghs-pop-e2020
EG-LX,3384446,ghs-pop-e2020
EG-MA,503040,ghs-pop-e2020
EG-MN,5996759,ghs-pop-e2020
EG-SS,514015,ghs-pop-e2020
EG-SU,5350979,ghs-pop-e2020
EG-SW,1448279,ghs-pop-e2020
EG-SY,4975660,ghs-pop-e2020
EH-BO,57837,ghs-pop-e2020
EH-ES,65708,ghs-pop-e2020
EH-LA,233371,ghs-pop-e2020
EH-OE,161818,ghs-pop-e2020
ER-AN,468033,ghs-pop-e2020
ER-DK,96700,ghs-pop-e2020
ER-DU,807190,ghs-pop-e2020
ER-GB,799383,ghs-pop-e2020
ER-MA,362115,ghs-pop-e2020
ER-SK,920440,ghs-pop-e2020
ES-AN,7936587,ghs-pop-e2020
ES-AR,1346942,ghs-pop-e2020
ES-CA,8033867,ghs-pop-e2020
ES-CB,522245,ghs-pop-e2020
ES-CE,121229,ghs-pop-e2020
ES-CF,620448,ghs-pop-e2020
ES-CL,2269529,ghs-pop-e2020
ES-CM,2048239,ghs-pop-e2020
ES-CN,1998950,ghs-pop-e2020
ES-CV,4920473,ghs-pop-e2020
ES-EX,978341,ghs-pop-e2020
ES-GA,2351865,ghs-pop-e2020
ES-IB,1126124,ghs-pop-e2020
ES-MC,1528448,ghs-pop-e2020
ES-MD,7277703,ghs-pop-e2020
ES-PA,995517,ghs-pop-e2020
ES-PV,1994731,ghs-pop-e2020
ES-RI,329640,ghs-pop-e2020
ET-AA,5538271,ghs-pop-e2020
ET-AF,2054298,ghs-pop-e2020
ET-AM,24879359,ghs-pop-e2020
ET-BG,1272047,ghs-pop-e2020
ET-DD,529001,ghs-pop-e2020
ET-GP,630985,ghs-pop-e2020
ET-HP,287992,ghs-pop-e2020
ET-OR,44084706,ghs-pop-e2020
ET-SN,23930581,ghs-pop-e2020
ET-SO,6897213,ghs-pop-e2020
ET-TI,6908439,ghs-pop-e2020
FI-IS,575461,ghs-pop-e2020
FI-LL,167416,ghs-pop-e2020
FI-LS,2246098,ghs-pop-e2020
FI-OL,477272,ghs-pop-e2020
FI-SF,1887164,ghs-pop-e2020
FJ-CE,387322,ghs-pop-e2020
FJ-EA,26243,ghs-pop-e2020
FJ-NO,119305,ghs-pop-e2020
FJ-RO,834,ghs-pop-e2020
FJ-WE,331902,ghs-pop-e2020
FM-KSA,3890,ghs-pop-e2020
FM-PNI,34351,ghs-pop-e2020
FM-TRK,29784,ghs-pop-e2020
FM-YAP,8787,ghs-pop-e2020
FO-EY,10796,ghs-pop-e2020
FO-NE,5610,ghs-pop-e2020
FO-SA,1224,ghs-pop-e2020
FO-ST,20693,ghs-pop-e2020
FO-SU,4194,ghs-pop-e2020
FO-VA,3406,ghs-pop-e2020
FR-AR,7944973,ghs-pop-e2020
FR-BF,2804135,ghs-pop-e2020
FR-BR,3323605,ghs-pop-e2020
FR-CO,307933,ghs-pop-e2020
FR-CV,2561909,ghs-pop-e2020
FR-GE,5486519,ghs-pop-e2020
FR-HF,5838237,ghs-pop-e2020
FR-IF,12089650,ghs-pop-e2020
FR-NA,5930006,ghs-pop-e2020
FR-NO,3254928,ghs-pop-e2020
FR-OC,5975803,ghs-pop-e2020
FR-PA,4903253,ghs-pop-e2020
FR-PL,3782561,ghs-pop-e2020
GA-ES,966327,ghs-pop-e2020
GA-HO,530008,ghs-pop-e2020
GA-MO,73131,ghs-pop-e2020
GA-NG,105810,ghs-pop-e2020
GA-NY,50779,ghs-pop-e2020
GA-OI,66953,ghs-pop-e2020
GA-OL,80853,ghs-pop-e2020
GA-OM,128828,ghs-pop-e2020
GA-WN,221738,ghs-pop-e2020
GB-EN,56489800,ons-census-2021
GB-NI,1899321,ghs-pop-e2020
GB-SC,5376032,ghs-pop-e2020
GB-WA,3103937,ghs-pop-e2020
GD-CA,4267,ghs-pop-e2020
GD-SA,26658,ghs-pop-e2020
GD-SD,14015,ghs-pop-e2020
GD-SG,42700,ghs-pop-e2020
GD-SJ,6917,ghs-pop-e2020
GD-SM,3827,ghs-pop-e2020
GD-SP,11491,ghs-pop-e2020
GE-AB,269298,ghs-pop-e2020
GE-AJ,315170,ghs-pop-e2020
GE-GU,109184,ghs-pop-e2020
GE-IM,485919,ghs-pop-e2020
GE-KA,306960,ghs-pop-e2020
GE-KK,452442,ghs-pop-e2020
GE-MM,93265,ghs-pop-e2020
GE-RL,28618,ghs-pop-e2020
GE-SJ,153811,ghs-pop-e2020
GE-SK,249449,ghs-pop-e2020
GE-SZ,290266,ghs-pop-e2020
GE-TB,972014,ghs-pop-e2020
GF-CA,175671,ghs-pop-e2020
GF-SL,106640,ghs-pop-e2020
GG-AL,1584,ghs-pop-e2020
GG-CA,7307,ghs-pop-e2020
GG-FO,1560,ghs-pop-e2020
GG-SA,2795,ghs-pop-e2020
GG-SI,2427,ghs-pop-e2020
GG-SM,5658,ghs-pop-e2020
GG-SN,2206,ghs-pop-e2020
GG-SP,17098,ghs-pop-e2020
GG-SR,503,ghs-pop-e2020
GG-SS,7992,ghs-pop-e2020
GG-TO,527,ghs-pop-e2020
GG-VA,9180,ghs-pop-e2020
GH-AA,5284626,ghs-pop-e2020
GH-AF,576734,ghs-pop-e2020
GH-AH,7000528,ghs-pop-e2020
GH-BE,1115986,ghs-pop-e2020
GH-BO,1119961,ghs-pop-e2020
GH-CP,2731706,ghs-pop-e2020
GH-EP,3128121,ghs-pop-e2020
GH-NE,607823,ghs-pop-e2020
GH-NP,2211480,ghs-pop-e2020
GH-OT,752135,ghs-pop-e2020
GH-SV,627221,ghs-pop-e2020
GH-TV,1928347,ghs-pop-e2020
GH-UE,1125969,ghs-pop-e2020
GH-UW,828597,ghs-pop-e2020
GH-WN,825110,ghs-pop-e2020
GH-WP,2235907,ghs-pop-e2020
GL-KU,5796,ghs-pop-e2020
GL-NG,501827,level-median
GL-QA,11036,ghs-pop-e2020
GL-QE,7107,ghs-pop-e2020
GL-SE,16693,ghs-pop-e2020
GM-BA,450809,ghs-pop-e2020
GM-LR,90540,ghs-pop-e2020
GM-MI,264471,ghs-pop-e2020
GM-NB,280036,ghs-pop-e2020
GM-UR,296410,ghs-pop-e2020
GM-WE,1167064,ghs-pop-e2020
GN-BO,1325319,ghs-pop-e2020
GN-CO,1865395,ghs-pop-e2020
GN-FA,1186093,ghs-pop-e2020
GN-KA,2736867,ghs-pop-e2020
GN-KI,2123375,ghs-pop-e2020
GN-LA,1213999,ghs-pop-e2020
GN-MA,851476,ghs-pop-e2020
GN-NZ,1864443,ghs-pop-e2020
GP-BT,176172,ghs-pop-e2020
GP-PA,195658,ghs-pop-e2020
GQ-AN,925,ghs-pop-e2020
GQ-BN,660182,ghs-pop-e2020
GQ-BS,6748,ghs-pop-e2020
GQ-CS,28728,ghs-pop-e2020
GQ-KN,39044,ghs-pop-e2020
GQ-LI,776007,ghs-pop-e2020
GQ-WN,40472,ghs-pop-e2020
GR-AE,447468,ghs-pop-e2020
GR-AT,3667063,ghs-pop-e2020
GR-CR,594310,ghs-pop-e2020
GR-EW,601185,ghs-pop-e2020
GR-MT,2379802,ghs-pop-e2020
GR-PW,1310421,ghs-pop-e2020
GR-TC,1192477,ghs-pop-e2020
GR-TH,1578,ghs-pop-e2020
GT-AV,1401385,ghs-pop-e2020
GT-BV,325588,ghs-pop-e2020
GT-CM,756252,ghs-pop-e2020
GT-CQ,436532,ghs-pop-e2020
GT-ES,779622,ghs-pop-e2020
GT-GU,3383760,ghs-pop-e2020
GT-HU,1366882,ghs-pop-e2020
GT-IZ,486253,ghs-pop-e2020
GT-JA,389347,ghs-pop-e2020
GT-JU,500360,ghs-pop-e2020
GT-PE,839647,ghs-pop-e2020
GT-PR,177203,ghs-pop-e2020
GT-QC,1234845,ghs-pop-e2020
GT-QU,926718,ghs-pop-e2020
GT-RE,357670,ghs-pop-e2020
GT-SA,364142,ghs-pop-e2020
GT-SM,1203667,ghs-pop-e2020
GT-SO,546041,ghs-pop-e2020
GT-SR,391292,ghs-pop-e2020
GT-SU,618632,ghs-pop-e2020
GT-TO,592639,ghs-pop-e2020
GT-ZA,245989,ghs-pop-e2020
GU-AG,4393,ghs-pop-e2020
GU-AH,3067,ghs-pop-e2020
GU-AS,2024,ghs-pop-e2020
GU-BA,9921,ghs-pop-e2020
GU-CP,8032,ghs-pop-e2020
GU-DE,45400,ghs-pop-e2020
GU-HA,1582,ghs-pop-e2020
GU-IN,2331,ghs-pop-e2020
GU-MA,16465,ghs-pop-e2020
GU-ME,1742,ghs-pop-e2020
GU-MT,6340,ghs-pop-e2020
GU-PI,1144,ghs-pop-e2020
GU-SI,2401,ghs-pop-e2020
GU-SR,5349,ghs-pop-e2020
GU-TA,17594,ghs-pop-e2020
GU-TL,4439,ghs-pop-e2020
GU-UM,917,ghs-pop-e2020
GU-YI,21194,ghs-pop-e2020
GU-YO,8635,ghs-pop-e2020
GW-BA,267771,ghs-pop-e2020
GW-BL,36157,ghs-pop-e2020
GW-BM,148708,ghs-pop-e2020
GW-BS,508121,ghs-pop-e2020
GW-CA,233938,ghs-pop-e2020
GW-GA,288830,ghs-pop-e2020
GW-OI,287677,ghs-pop-e2020
GW-QU,79712,ghs-pop-e2020
GW-TO,116354,ghs-pop-e2020
GY-BA,31598,ghs-pop-e2020
GY-CU,21010,ghs-pop-e2020
GY-DE,308375,ghs-pop-e2020
GY-EB,104135,ghs-pop-e2020
GY-ES,112714,ghs-pop-e2020
GY-MA,55120,ghs-pop-e2020
GY-PM,43084,ghs-pop-e2020
GY-PT,11142,ghs-pop-e2020
GY-UD,41419,ghs-pop-e2020
GY-UT,31883,ghs-pop-e2020
HN-AT,548850,ghs-pop-e2020
HN-CH,457258,ghs-pop-e2020
HN-CL,333381,ghs-pop-e2020
HN-CM,582394,ghs-pop-e2020
HN-CP,432019,ghs-pop-e2020
HN-CR,2051889,ghs-pop-e2020
HN-EP,499027,ghs-pop-e2020
HN-FM,2090581,ghs-pop-e2020
HN-GD,100381,ghs-pop-e2020
HN-IB,59114,ghs-pop-e2020
HN-IN,262874,ghs-pop-e2020
HN-LE,354803,ghs-pop-e2020
HN-LP,217981,ghs-pop-e2020
HN-OC,169409,ghs-pop-e2020
HN-OL,587716,ghs-pop-e2020
HN-SB,476460,ghs-pop-e2020
HN-VA,181845,ghs-pop-e2020
HN-YO,638655,ghs-pop-e2020
HR-BB,107956,ghs-pop-e2020
HR-BP,142895,ghs-pop-e2020
HR-DN,107985,ghs-pop-e2020
HR-GZ,865077,ghs-pop-e2020
HR-IS,191270,ghs-pop-e2020
HR-KA,120457,ghs-pop-e2020
HR-KK,107053,ghs-pop-e2020
HR-KZ,122998,ghs-pop-e2020
HR-LS,46193,ghs-pop-e2020
HR-ME,107477,ghs-pop-e2020
HR-OB,279023,ghs-pop-e2020
HR-PG,258909,ghs-pop-e2020
HR-PS,71120,ghs-pop-e2020
HR-SD,408183,ghs-pop-e2020
HR-SK,96539,ghs-pop-e2020
HR-SM,160148,ghs-pop-e2020
HR-VA,169222,ghs-pop-e2020
HR-VP,77320,ghs-pop-e2020
HR-VS,154616,ghs-pop-e2020
HR-ZA,241982,ghs-pop-e2020
HR-ZD,155613,ghs-pop-e2020
HT-AR,2081792,ghs-pop-e2020
HT-CE,856847,ghs-pop-e2020
HT-GA,511177,ghs-pop-e2020
HT-ND,1197878,ghs-pop-e2020
HT-NE,436201,ghs-pop-e2020
HT-NI,379297,ghs-pop-e2020
HT-NO,867969,ghs-pop-e2020
HT-OU,3151587,ghs-pop-e2020
HT-SD,805417,ghs-pop-e2020
HT-SE,707279,ghs-pop-e2020
HU-BA,352366,ghs-pop-e2020
HU-BE,328428,ghs-pop-e2020
HU-BK,489972,ghs-pop-e2020
HU-BU,1815271,ghs-pop-e2020
HU-BZ,661209,ghs-pop-e2020
HU-CS,399374,ghs-pop-e2020
HU-FE,434677,ghs-pop-e2020
HU-GS,473610,ghs-pop-e2020
HU-HB,580715,ghs-pop-e2020
HU-HE,304917,ghs-pop-e2020
HU-JN,374282,ghs-pop-e2020
HU-KE,260963,ghs-pop-e2020
HU-NO,193821,ghs-pop-e2020
HU-PE,1172252,ghs-pop-e2020
HU-SO,298245,ghs-pop-e2020
HU-SZ,576529,ghs-pop-e2020
HU-TO,215891,ghs-pop-e2020
HU-VA,250076,ghs-pop-e2020
HU-VE,323061,ghs-pop-e2020
HU-ZA,248058,ghs-pop-e2020
ID-AC,4579674,ghs-pop-e2020
ID-BA,4501386,ghs-pop-e2020
ID-BB,1528077,ghs-pop-e2020
ID-BE,1864215,ghs-pop-e2020
ID-BT,13371799,ghs-pop-e2020
ID-GO,1209631,ghs-pop-e2020
ID-JA,3775151,ghs-pop-e2020
ID-JB,51217721,ghs-pop-e2020
ID-JI,38674092,ghs-pop-e2020
ID-JK,10491593,ghs-pop-e2020
ID-JT,32828914,ghs-pop-e2020
ID-KB,4932386,ghs-pop-e2020
ID-KI,4028445,ghs-pop-e2020
ID-KR,2313855,ghs-pop-e2020
ID-KS,4179769,ghs-pop-e2020
ID-KT,2595798,ghs-pop-e2020
ID-KU,686688,ghs-pop-e2020
ID-LA,8371693,ghs-pop-e2020
ID-MA,1595903,ghs-pop-e2020
ID-MU,1184958,ghs-pop-e2020
ID-NB,4988955,ghs-pop-e2020
ID-NT,5271549,ghs-pop-e2020
ID-PA,5444875,ghs-pop-e2020
ID-PB,1122587,ghs-pop-e2020
ID-RI,7646397,ghs-pop-e2020
ID-SA,2496642,ghs-pop-e2020
ID-SB,5291741,ghs-pop-e2020
ID-SG,2619246,ghs-pop-e2020
ID-SN,8784510,ghs-pop-e2020
ID-SR,1464436,ghs-pop-e2020
ID-SS,8014806,ghs-pop-e2020
ID-ST,2858027,ghs-pop-e2020
ID-SU,14048515,ghs-pop-e2020
ID-YO,3730490,ghs-pop-e2020
IE-CE,118445,ghs-pop-e2020
IE-CN,84793,ghs-pop-e2020
IE-CW,58753,ghs-pop-e2020
IE-DL,168718,ghs-pop-e2020
IE-DU,1232548,ghs-pop-e2020
IE-GA,258479,ghs-pop-e2020
IE-KE,237824,ghs-pop-e2020
IE-KK,102725,ghs-pop-e2020
IE-KY,141466,ghs-pop-e2020
IE-LD,44871,ghs-pop-e2020
IE-LH,127330,ghs-pop-e2020
IE-LK,190230,ghs-pop-e2020
IE-LM,34029,ghs-pop-e2020
IE-LS,101160,ghs-pop-e2020
IE-MH,214540,ghs-pop-e2020
IE-MN,63563,ghs-pop-e2020
IE-MO,128894,ghs-pop-e2020
IE-OY,81693,ghs-pop-e2020
IE-RN,69943,ghs-pop-e2020
IE-SO,65923,ghs-pop-e2020
IE-TA,161376,ghs-pop-e2020
IE-WD,111994,ghs-pop-e2020
IE-WH,90381,ghs-pop-e2020
IE-WW,149123,ghs-pop-e2020
IE-WX,154801,ghs-pop-e2020
IE-XA,501827,level-median
IL-GO,41420,ghs-pop-e2020
IL-HA,2472092,ghs-pop-e2020
IL-HD,1226054,ghs-pop-e2020
IL-HF,939252,ghs-pop-e2020
IL-HZ,1422025,ghs-pop-e2020
IL-JE,1097239,ghs-pop-e2020
IL-TA,1489324,ghs-pop-e2020
IM-AN,1351,ghs-pop-e2020
IM-AR,3707,ghs-pop-e2020
IM-BA,964,ghs-pop-e2020
IM-BI,322,ghs-pop-e2020
IM-BR,6397,ghs-pop-e2020
IM-CA,2397,ghs-pop-e2020
IM-DO,22931,ghs-pop-e2020
IM-GA,4143,ghs-pop-e2020
IM-GE,2500,ghs-pop-e2020
IM-JU,1042,ghs-pop-e2020
IM-LE,1939,ghs-pop-e2020
IM-MA,2751,ghs-pop-e2020
IM-MI,1638,ghs-pop-e2020
IM-MR,2627,ghs-pop-e2020
IM-ON,8825,ghs-pop-e2020
IM-PA,1957,ghs-pop-e2020
IM-PO,2280,ghs-pop-e2020
IM-PE,3344,ghs-pop-e2020
IM-PS,1040,ghs-pop-e2020
IM-RA,5978,ghs-pop-e2020
IM-SA,687,ghs-pop-e2020
IN-AN,355942,ghs-pop-e2020
IN-AP,53095487,ghs-pop-e2020
IN-AR,635133,ghs-pop-e2020
IN-AS,35085303,ghs-pop-e2020
IN-BR,125295406,ghs-pop-e2020
IN-CG,29676329,ghs-pop-e2020
IN-CH,931806,ghs-pop-e2020
IN-DD,187878,ghs-pop-e2020
IN-DN,574739,ghs-pop-e2020
IN-GA,1511819,ghs-pop-e2020
IN-GJ,70907561,ghs-pop-e2020
IN-HP,7636892,ghs-pop-e2020
IN-HR,29280252,ghs-pop-e2020
IN-JH,39201793,ghs-pop-e2020
IN-KA,70409298,ghs-pop-e2020
IN-KL,41529868,ghs-pop-e2020
IN-LD,38874,ghs-pop-e2020
IN-MH,126262612,ghs-pop-e2020
IN-ML,3788893,ghs-pop-e2020
IN-MN,3433549,ghs-pop-e2020
IN-MP,84477235,ghs-pop-e2020
IN-MZ,1346398,ghs-pop-e2020
IN-ND,20370586,ghs-pop-e2020
IN-NL,2089038,ghs-pop-e2020
IN-OD,46678152,ghs-pop-e2020
IN-PB,31047569,ghs-pop-e2020
IN-PY,1266893,ghs-pop-e2020
IN-RJ,80622022,ghs-pop-e2020
IN-SK,659334,ghs-pop-e2020
IN-TG,39230354,ghs-pop-e2020
IN-TN,81744904,ghs-pop-e2020
IN-TR,4204160,ghs-pop-e2020
IN-UK,11744890,ghs-pop-e2020
IN-UP,232317537,ghs-pop-e2020
IN-WB,100679440,ghs-pop-e2020
IQ-AM,925887,ghs-pop-e2020
IQ-AN,2400934,ghs-pop-e2020
IQ-AR,2448035,ghs-pop-e2020
IQ-AT,1686847,ghs-pop-e2020
IQ-BA,3205013,ghs-pop-e2020
IQ-BB,2779792,ghs-pop-e2020
IQ-BG,5747882,ghs-pop-e2020
IQ-DI,2321508,ghs-pop-e2020
IQ-DQ,2363395,ghs-pop-e2020
IQ-DY,2015100,ghs-pop-e2020
IQ-KA,1233554,ghs-pop-e2020
IQ-MA,1269203,ghs-pop-e2020
IQ-NA,1473743,ghs-pop-e2020
IQ-NI,4315991,ghs-pop-e2020
IQ-QA,1862198,ghs-pop-e2020
IQ-SA,2929237,ghs-pop-e2020
IQ-SU,2083884,ghs-pop-e2020
IQ-WA,1484692,ghs-pop-e2020
IR-AL,5451753,ghs-pop-e2020
IR-AR,1531464,ghs-pop-e2020
IR-BU,1073133,ghs-pop-e2020
IR-CM,1014509,ghs-pop-e2020
IR-EA,3362444,ghs-pop-e2020
IR-ES,4856245,ghs-pop-e2020
IR-FA,9145521,ghs-pop-e2020
IR-GI,2102185,ghs-pop-e2020
IR-GO,1737011,ghs-pop-e2020
IR-HA,2201613,ghs-pop-e2020
IR-HO,1707758,ghs-pop-e2020
IR-IL,450256,ghs-pop-e2020
IR-KB,707321,ghs-pop-e2020
IR-KE,4329376,ghs-pop-e2020
IR-KH,5429790,ghs-pop-e2020
IR-KO,1280941,ghs-pop-e2020
IR-KR,1694285,ghs-pop-e2020
IR-LO,1897236,ghs-pop-e2020
IR-MA,3119305,ghs-pop-e2020
IR-MR,1744988,ghs-pop-e2020
IR-NK,892514,ghs-pop-e2020
IR-QA,1104262,ghs-pop-e2020
IR-QO,1107510,ghs-pop-e2020
IR-RK,9864478,ghs-pop-e2020
IR-SB,2599515,ghs-pop-e2020
IR-SE,746431,ghs-pop-e2020
IR-SK,488848,ghs-pop-e2020
IR-TE,10489795,ghs-pop-e2020
IR-WA,3112899,ghs-pop-e2020
IR-YA,979773,ghs-pop-e2020
IR-ZA,906918,ghs-pop-e2020
IS-AUS,10750,ghs-pop-e2020
IS-HBI,208082,ghs-pop-e2020
IS-NUE,27684,ghs-pop-e2020
IS-NUV,6561,ghs-pop-e2020
IS-SUU,26826,ghs-pop-e2020
IS-SUR,26471,ghs-pop-e2020
IS-VEI,4235,ghs-pop-e2020
IS-VES,12673,ghs-pop-e2020
IT-AB,1229062,ghs-pop-e2020
IT-AP,3816540,ghs-pop-e2020
IT-BA,521510,ghs-pop-e2020
IT-CA,5621288,ghs-pop-e2020
IT-CL,1717649,ghs-pop-e2020
IT-ER,4490796,ghs-pop-e2020
IT-FV,1235507,ghs-pop-e2020
IT-LA,5743187,ghs-pop-e2020
IT-LI,1420083,ghs-pop-e2020
IT-LO,10131263,ghs-pop-e2020
IT-MA,1455178,ghs-pop-e2020
IT-MO,276572,ghs-pop-e2020
IT-PI,4317142,ghs-pop-e2020
IT-SA,1530366,ghs-pop-e2020
IT-SI,4607838,ghs-pop-e2020
IT-TA,1048290,ghs-pop-e2020
IT-TO,3581098,ghs-pop-e2020
IT-UM,897862,ghs-pop-e2020
IT-VA,120601,ghs-pop-e2020
IT-VE,4954694,ghs-pop-e2020
JE-GR,4619,ghs-pop-e2020
JE-SA,2030,ghs-pop-e2020
JE-SB,10571,ghs-pop-e2020
JE-SC,7564,ghs-pop-e2020
JE-SH,34462,ghs-pop-e2020
JE-SJ,3206,ghs-pop-e2020
JE-SL,5455,ghs-pop-e2020
JE-SM,3439,ghs-pop-e2020
JE-SO,4274,ghs-pop-e2020
JE-SP,5813,ghs-pop-e2020
JE-SS,15771,ghs-pop-e2020
JE-TR,3413,ghs-pop-e2020
JM-CL,256053,ghs-pop-e2020
JM-HA,65803,ghs-pop-e2020
JM-KI,91693,ghs-pop-e2020
JM-MA,197307,ghs-pop-e2020
JM-PO,77706,ghs-pop-e2020
JM-SA,560111,ghs-pop-e2020
JM-SC,554937,ghs-pop-e2020
JM-SE,154448,ghs-pop-e2020
JM-SI,172953,ghs-pop-e2020
JM-SJ,190028,ghs-pop-e2020
JM-SM,110440,ghs-pop-e2020
JM-ST,93739,ghs-pop-e2020
JM-TR,74440,ghs-pop-e2020
JM-WE,144965,ghs-pop-e2020
JO-AJ,278934,ghs-pop-e2020
JO-AM,4478317,ghs-pop-e2020
JO-AQ,189763,ghs-pop-e2020
JO-AT,132695,ghs-pop-e2020
JO-BA,1066419,ghs-pop-e2020
JO-IR,1798494,ghs-pop-e2020
JO-JA,174450,ghs-pop-e2020
JO-KA,361436,ghs-pop-e2020
JO-MA,500486,ghs-pop-e2020
JO-MD,231922,ghs-pop-e2020
JO-MN,162849,ghs-pop-e2020
JO-ZA,1544880,ghs-pop-e2020
JP-AI,7704381,ghs-pop-e2020
JP-AK,970169,ghs-pop-e2020
JP-AO,1210759,ghs-pop-e2020
JP-CH,5724539,ghs-pop-e2020
JP-EH,1297898,ghs-pop-e2020
JP-FI,772483,ghs-pop-e2020
JP-FK,1941053,ghs-pop-e2020
JP-FU,4991714,ghs-pop-e2020
JP-GI,2067916,ghs-pop-e2020
JP-GU,1892361,ghs-pop-e2020
JP-HI,2622443,ghs-pop-e2020
JP-HO,5261746,ghs-pop-e2020
JP-HY,5255071,ghs-pop-e2020
JP-IB,2792913,ghs-pop-e2020
JP-IS,1134862,ghs-pop-e2020
JP-IW,1232047,ghs-pop-e2020
JP-KA,9241055,ghs-pop-e2020
JP-KG,1536283,ghs-pop-e2020
JP-KN,1393590,ghs-pop-e2020
JP-KO,680858,ghs-pop-e2020
JP-KU,1758004,ghs-pop-e2020
JP-KW,906604,ghs-pop-e2020
JP-KY,2451148,ghs-pop-e2020
JP-ME,1656561,ghs-pop-e2020
JP-MI,2472547,ghs-pop-e2020
JP-MY,1079991,ghs-pop-e2020
JP-NA,2094871,ghs-pop-e2020
JP-NI,2252947,ghs-pop-e2020
JP-NR,1259046,ghs-pop-e2020
JP-NS,1248708,ghs-pop-e2020
JP-OI,1102991,ghs-pop-e2020
JP-OK,1882660,ghs-pop-e2020
JP-OS,8223119,ghs-pop-e2020
JP-SA,7272945,ghs-pop-e2020
JP-SG,836544,ghs-pop-e2020
JP-SH,2525213,ghs-pop-e2020
JP-SI,1493478,ghs-pop-e2020
JP-SM,637962,ghs-pop-e2020
JP-TC,1916637,ghs-pop-e2020
JP-TK,719492,ghs-pop-e2020
JP-TO,13731639,ghs-pop-e2020
JP-TR,486613,ghs-pop-e2020
JP-TY,1032797,ghs-pop-e2020
JP-WA,829675,ghs-pop-e2020
JP-YA,1320146,ghs-pop-e2020
JP-YM,1095048,ghs-pop-e2020
JP-YN,823242,ghs-pop-e2020
KE-BA,727924,ghs-pop-e2020
KE-BO,999255,ghs-pop-e2020
KE-BS,911423,ghs-pop-e2020
KE-BU,1956588,ghs-pop-e2020
KE-EL,459850,ghs-pop-e2020
KE-EM,777429,ghs-pop-e2020
KE-GA,1354115,ghs-pop-e2020
KE-HB,1106530,ghs-pop-e2020
KE-IS,235228,ghs-pop-e2020
KE-KA,1746789,ghs-pop-e2020
KE-KE,1016311,ghs-pop-e2020
KE-KI,1347078,ghs-pop-e2020
KE-KJ,945575,ghs-pop-e2020
KE-KL,1377032,ghs-pop-e2020
KE-KM,1897840,ghs-pop-e2020
KE-KR,616884,ghs-pop-e2020
KE-KS,1211947,ghs-pop-e2020
KE-KT,1167893,ghs-pop-e2020
KE-KW,815981,ghs-pop-e2020
KE-LA,537864,ghs-pop-e2020
KE-LM,116225,ghs-pop-e2020
KE-MA,2322770,ghs-pop-e2020
KE-MC,1269041,ghs-pop-e2020
KE-ME,1605840,ghs-pop-e2020
KE-MI,1137953,ghs-pop-e2020
KE-MK,1035686,ghs-pop-e2020
KE-MO,1347775,ghs-pop-e2020
KE-MR,316605,ghs-pop-e2020
KE-MU,1044690,ghs-pop-e2020
KE-NA,5048930,ghs-pop-e2020
KE-ND,1033875,ghs-pop-e2020
KE-NE,761862,ghs-pop-e2020
KE-NK,2407884,ghs-pop-e2020
KE-NN,664223,ghs-pop-e2020
KE-NR,1191225,ghs-pop-e2020
KE-NY,697616,ghs-pop-e2020
KE-SA,297876,ghs-pop-e2020
KE-SI,997953,ghs-pop-e2020
KE-TH,354261,ghs-pop-e2020
KE-TN,1106303,ghs-pop-e2020
KE-TR,385412,ghs-pop-e2020
KE-TT,363736,ghs-pop-e2020
KE-TU,1158574,ghs-pop-e2020
KE-UG,1306562,ghs-pop-e2020
KE-VI,660998,ghs-pop-e2020
KE-WA,1517314,ghs-pop-e2020
KE-WP,715425,ghs-pop-e2020
KG-BA,444850,ghs-pop-e2020
KG-BI,1241203,ghs-pop-e2020
KG-CH,749360,ghs-pop-e2020
KG-GO,1171028,ghs-pop-e2020
KG-JA,1229267,ghs-pop-e2020
KG-NA,288195,ghs-pop-e2020
KG-OC,386039,ghs-pop-e2020
KG-TA,281652,ghs-pop-e2020
KG-YK,508980,ghs-pop-e2020
KH-BA,1469485,ghs-pop-e2020
KH-BM,772899,ghs-pop-e2020
KH-KM,612360,ghs-pop-e2020
KH-KC,850901,ghs-pop-e2020
KH-KE,40833,ghs-pop-e2020
KH-KK,99614,ghs-pop-e2020
KH-KN,493037,ghs-pop-e2020
KH-KA,1224711,ghs-pop-e2020
KH-KO,255414,ghs-pop-e2020
KH-KP,276804,ghs-pop-e2020
KH-KR,383069,ghs-pop-e2020
KH-KS,785457,ghs-pop-e2020
KH-KT,651404,ghs-pop-e2020
KH-MK,118643,ghs-pop-e2020
KH-OM,991588,ghs-pop-e2020
KH-PO,395516,ghs-pop-e2020
KH-PP,2159049,ghs-pop-e2020
KH-PR,252360,ghs-pop-e2020
KH-PV,873712,ghs-pop-e2020
KH-RO,235877,ghs-pop-e2020
KH-SI,1147108,ghs-pop-e2020
KH-SN,148390,ghs-pop-e2020
KH-SR,449509,ghs-pop-e2020
KH-TA,845231,ghs-pop-e2020
KH-TK,800089,ghs-pop-e2020
KM-MW,288892,ghs-pop-e2020
KM-NJ,389217,ghs-pop-e2020
KM-NZ,49187,ghs-pop-e2020
KN-CCN,2272,ghs-pop-e2020
KN-SAP,1631,ghs-pop-e2020
KN-SAS,1951,ghs-pop-e2020
KN-SGB,10586,ghs-pop-e2020
KN-SGG,2946,ghs-pop-e2020
KN-SJC,2299,ghs-pop-e2020
KN-SJF,3691,ghs-pop-e2020
KN-SJW,2056,ghs-pop-e2020
KN-SMC,3279,ghs-pop-e2020
KN-SPB,3548,ghs-pop-e2020
KN-SPC,2151,ghs-pop-e2020
KN-STL,2410,ghs-pop-e2020
KN-STM,1884,ghs-pop-e2020
KN-TPP,1309,ghs-pop-e2020
KP-CHD,1539831,ghs-pop-e2020
KP-HAB,2288001,ghs-pop-e2020
KP-HAN,3157903,ghs-pop-e2020
KP-HWB,2013329,ghs-pop-e2020
KP-HWN,2573821,ghs-pop-e2020
KP-KAD,1481622,ghs-pop-e2020
KP-KAE,417970,ghs-pop-e2020
KP-KUM,59630,ghs-pop-e2020
KP-PYB,2795874,ghs-pop-e2020
KP-PYN,4188387,ghs-pop-e2020
KP-PYO,3510494,ghs-pop-e2020
KP-RAS,206069,ghs-pop-e2020
KP-RYA,789929,ghs-pop-e2020
KP-SIN,374338,ghs-pop-e2020
KR-BS,3348130,ghs-pop-e2020
KR-CB,1621804,ghs-pop-e2020
KR-CN,2194525,ghs-pop-e2020
KR-DG,2405002,ghs-pop-e2020
KR-DJ,1581531,ghs-pop-e2020
KR-GB,2593740,ghs-pop-e2020
KR-GG,13352310,ghs-pop-e2020
KR-GJ,1538169,ghs-pop-e2020
KR-GN,3257494,ghs-pop-e2020
KR-GW,1530186,ghs-pop-e2020
KR-IC,2885328,ghs-pop-e2020
KR-JB,1757436,ghs-pop-e2020
KR-JJ,479851,ghs-pop-e2020
KR-JN,1549446,ghs-pop-e2020
KR-SJ,92872,ghs-pop-e2020
KR-SU,9966719,ghs-pop-e2020
KR-UL,1068387,ghs-pop-e2020
KW-AH,760565,ghs-pop-e2020
KW-AJ,408457,ghs-pop-e2020
KW-AK,447710,ghs-pop-e2020
KW-FA,1337481,ghs-pop-e2020
KW-HA,883867,ghs-pop-e2020
KW-MA,431235,ghs-pop-e2020
KY-BT,9738,ghs-pop-e2020
KY-EE,746,ghs-pop-e2020
KY-GT,34775,ghs-pop-e2020
KY-NS,4172,ghs-pop-e2020
KY-SI,1527,ghs-pop-e2020
KY-WB,9257,ghs-pop-e2020
KZ-AKM,1945050,ghs-pop-e2020
KZ-AKT,892536,ghs-pop-e2020
KZ-ALA,4127794,ghs-pop-e2020
KZ-ATY,522339,ghs-pop-e2020
KZ-EAK,1391929,ghs-pop-e2020
KZ-KAR,1382192,ghs-pop-e2020
KZ-KUS,782580,ghs-pop-e2020
KZ-KZY,790167,ghs-pop-e2020
KZ-MAN,767490,ghs-pop-e2020
KZ-NOK,492087,ghs-pop-e2020
KZ-PAV,759669,ghs-pop-e2020
KZ-SOK,3421571,ghs-pop-e2020
KZ-WEK,587877,ghs-pop-e2020
KZ-ZHA,1120951,ghs-pop-e2020
LA-AT,172408,ghs-pop-e2020
LA-BK,214377,ghs-pop-e2020
LA-BL,391023,ghs-pop-e2020
LA-CH,854116,ghs-pop-e2020
LA-HO,299386,ghs-pop-e2020
LA-KH,487114,ghs-pop-e2020
LA-LM,228852,ghs-pop-e2020
LA-LO,506969,ghs-pop-e2020
LA-OU,397967,ghs-pop-e2020
LA-PH,201665,ghs-pop-e2020
LA-SA,488489,ghs-pop-e2020
LA-SV,1067107,ghs-pop-e2020
LA-VI,447245,ghs-pop-e2020
LA-VT,633548,ghs-pop-e2020
LA-XA,434310,ghs-pop-e2020
LA-XE,139196,ghs-pop-e2020
LA-XI,302987,ghs-pop-e2020
LA-XN,86870,ghs-pop-e2020
LB-AK,261143,ghs-pop-e2020
LB-BE,400593,ghs-pop-e2020
LB-BH,424340,ghs-pop-e2020
LB-BR,365613,ghs-pop-e2020
LB-ML,2044323,ghs-pop-e2020
LB-NA,564154,ghs-pop-e2020
LB-NO,720524,ghs-pop-e2020
LB-SO,754441,ghs-pop-e2020
LC-AL,7562,ghs-pop-e2020
LC-CA,61291,ghs-pop-e2020
LC-CH,5756,ghs-pop-e2020
LC-CN,2899,ghs-pop-e2020
LC-DE,11867,ghs-pop-e2020
LC-GI,31491,ghs-pop-e2020
LC-LA,6032,ghs-pop-e2020
LC-MI,16685,ghs-pop-e2020
LC-SO,8515,ghs-pop-e2020
LC-VF,17151,ghs-pop-e2020
LI-BA,4918,ghs-pop-e2020
LI-ES,4294,ghs-pop-e2020
LI-GA,1698,ghs-pop-e2020
LI-MA,4237,ghs-pop-e2020
LI-PL,403,ghs-pop-e2020
LI-RU,2064,ghs-pop-e2020
LI-SC,6709,ghs-pop-e2020
LI-SH,912,ghs-pop-e2020
LI-TI,2439,ghs-pop-e2020
LI-TR,4634,ghs-pop-e2020
LI-VA,5801,ghs-pop-e2020
LK-AM,686951,ghs-pop-e2020
LK-AN,951816,ghs-pop-e2020
LK-BA,848539,ghs-pop-e2020
LK-BT,478395,ghs-pop-e2020
LK-CO,2429086,ghs-pop-e2020
LK-GA,2454992,ghs-pop-e2020
LK-GL,1081284,ghs-pop-e2020
LK-HA,651687,ghs-pop-e2020
LK-JA,580566,ghs-pop-e2020
LK-KA,1462066,ghs-pop-e2020
LK-KE,884885,ghs-pop-e2020
LK-KI,77371,ghs-pop-e2020
LK-KL,1309010,ghs-pop-e2020
LK-KU,1759299,ghs-pop-e2020
LK-MA,830801,ghs-pop-e2020
LK-MN,88002,ghs-pop-e2020
LK-MO,496498,ghs-pop-e2020
LK-MT,520943,ghs-pop-e2020
LK-MU,49279,ghs-pop-e2020
LK-NE,719337,ghs-pop-e2020
LK-PO,439697,ghs-pop-e2020
LK-PU,775005,ghs-pop-e2020
LK-RA,1152903,ghs-pop-e2020
LK-TR,390478,ghs-pop-e2020
LK-VA,168796,ghs-pop-e2020
LR-BG,404868,ghs-pop-e2020
LR-BM,182354,ghs-pop-e2020
LR-CM,179853,ghs-pop-e2020
LR-GA,109756,ghs-pop-e2020
LR-GB,274436,ghs-pop-e2020
LR-GG,185434,ghs-pop-e2020
LR-GK,57395,ghs-pop-e2020
LR-LO,395967,ghs-pop-e2020
LR-MG,443022,ghs-pop-e2020
LR-MO,1619342,ghs-pop-e2020
LR-MY,197631,ghs-pop-e2020
LR-NI,623785,ghs-pop-e2020
LR-RG,112722,ghs-pop-e2020
LR-RI,104393,ghs-pop-e2020
LR-SI,127875,ghs-pop-e2020
LS-BB,132312,ghs-pop-e2020
LS-BE,328344,ghs-pop-e2020
LS-LE,339492,ghs-pop-e2020
LS-MA,523210,ghs-pop-e2020
LS-MF,213850,ghs-pop-e2020
LS-MO,139066,ghs-pop-e2020
LS-MS,187680,ghs-pop-e2020
LS-QS,85089,ghs-pop-e2020
LS-QU,146033,ghs-pop-e2020
LS-TT,153508,ghs-pop-e2020
LT-AL,135294,ghs-pop-e2020
LT-KA,552556,ghs-pop-e2020
LT-KL,317647,ghs-pop-e2020
LT-MA,142547,ghs-pop-e2020
LT-PA,218430,ghs-pop-e2020
LT-SI,266579,ghs-pop-e2020
LT-TA,83628,ghs-pop-e2020
LT-TE,130856,ghs-pop-e2020
LT-UT,126913,ghs-pop-e2020
LT-VI,840012,ghs-pop-e2020
LU-DI,94725,ghs-pop-e2020
LU-GR,71033,ghs-pop-e2020
LU-LU,456324,ghs-pop-e2020
LV-KUR,240277,ghs-pop-e2020
LV-LAT,273791,ghs-pop-e2020
LV-RIX,939689,ghs-pop-e2020
LV-VID,196028,ghs-pop-e2020
LV-ZEM,236861,ghs-pop-e2020
LY-AJ,243058,ghs-pop-e2020
LY-WA,203839,ghs-pop-e2020
LY-BE,1057568,ghs-pop-e2020
LY-BU,178155,ghs-pop-e2020
LY-DR,158952,ghs-pop-e2020
LY-GT,26565,ghs-pop-e2020
LY-JA,252726,ghs-pop-e2020
LY-JG,330110,ghs-pop-e2020
LY-JU,59654,ghs-pop-e2020
LY-KF,55573,ghs-pop-e2020
LY-MB,601611,ghs-pop-e2020
LY-MI,442853,ghs-pop-e2020
LY-MJ,81957,ghs-pop-e2020
LY-MQ,89684,ghs-pop-e2020
LY-NL,111949,ghs-pop-e2020
LY-NQ,341147,ghs-pop-e2020
LY-SB,152977,ghs-pop-e2020
LY-SR,154553,ghs-pop-e2020
LY-TR,1443505,ghs-pop-e2020
LY-WD,90125,ghs-pop-e2020
LY-WI,88326,ghs-pop-e2020
LY-ZA,420348,ghs-pop-e2020
MA-CHO,2169096,ghs-pop-e2020
MA-DOA,2379219,ghs-pop-e2020
MA-FEB,2047736,ghs-pop-e2020
MA-GCB,2321837,ghs-pop-e2020
MA-GES,419287,ghs-pop-e2020
MA-GRC,4552963,ghs-pop-e2020
MA-LBS,12643,ghs-pop-e2020
MA-MET,2603197,ghs-pop-e2020
MA-MTA,3941450,ghs-pop-e2020
MA-ORI,2274966,ghs-pop-e2020
MA-RSZ,2904900,ghs-pop-e2020
MA-SMD,3903430,ghs-pop-e2020
MA-TAA,1745365,ghs-pop-e2020
MA-TAH,1867542,ghs-pop-e2020
MA-TAT,3340685,ghs-pop-e2020
MD-AN,75169,ghs-pop-e2020
MD-BA,67077,ghs-pop-e2020
MD-BD,73634,ghs-pop-e2020
MD-BR,61921,ghs-pop-e2020
MD-BS,16483,ghs-pop-e2020
MD-CA,135242,ghs-pop-e2020
MD-CL,55252,ghs-pop-e2020
MD-CM,53037,ghs-pop-e2020
MD-CR,42584,ghs-pop-e2020
MD-CS,62544,ghs-pop-e2020
MD-CT,51756,ghs-pop-e2020
MD-CU,590298,ghs-pop-e2020
MD-DO,26430,ghs-pop-e2020
MD-DR,79207,ghs-pop-e2020
MD-DU,28938,ghs-pop-e2020
MD-ED,63879,ghs-pop-e2020
MD-FA,74490,ghs-pop-e2020
MD-FL,85974,ghs-pop-e2020
MD-GA,98394,ghs-pop-e2020
MD-GL,47378,ghs-pop-e2020
MD-HI,106154,ghs-pop-e2020
MD-IA,95134,ghs-pop-e2020
MD-LE,41047,ghs-pop-e2020
MD-NI,45473,ghs-pop-e2020
MD-OC,44302,ghs-pop-e2020
MD-OR,87433,ghs-pop-e2020
MD-RE,36979,ghs-pop-e2020
MD-RI,50696,ghs-pop-e2020
MD-SD,31995,ghs-pop-e2020
MD-SI,71345,ghs-pop-e2020
MD-SO,75324,ghs-pop-e2020
MD-ST,66089,ghs-pop-e2020
MD-SV,53818,ghs-pop-e2020
MD-TA,34842,ghs-pop-e2020
MD-TE,56591,ghs-pop-e2020
MD-TR,319542,ghs-pop-e2020
MD-UN,84335,ghs-pop-e2020
ME-AN,3665,ghs-pop-e2020
ME-BA,40688,ghs-pop-e2020
ME-BE,32213,ghs-pop-e2020
ME-BP,34232,ghs-pop-e2020
ME-BU,19131,ghs-pop-e2020
ME-CE,15579,ghs-pop-e2020
ME-DA,20928,ghs-pop-e2020
ME-HN,23587,ghs-pop-e2020
ME-KL,7030,ghs-pop-e2020
ME-KO,18625,ghs-pop-e2020
ME-MO,7379,ghs-pop-e2020
ME-NI,70393,ghs-pop-e2020
ME-PA,12555,ghs-pop-e2020
ME-PL,26331,ghs-pop-e2020
ME-PO,215053,ghs-pop-e2020
ME-PU,2453,ghs-pop-e2020
ME-RO,23289,ghs-pop-e2020
ME-SA,1430,ghs-pop-e2020
ME-TI,12230,ghs-pop-e2020
ME-UL,18759,ghs-pop-e2020
ME-ZA,3027,ghs-pop-e2020
MG-AN,8393825,ghs-pop-e2020
MG-FI,5631149,ghs-pop-e2020
MG-MA,3612988,ghs-pop-e2020
MG-NT,2067376,ghs-pop-e2020
MG-TM,3745787,ghs-pop-e2020
MG-TO,4519088,ghs-pop-e2020
MH-AIK,93,ghs-pop-e2020
MH-AIL,440,ghs-pop-e2020
MH-ARN,478,ghs-pop-e2020
MH-AUR,145,ghs-pop-e2020
MH-EBO,187,ghs-pop-e2020
MH-ENE,203,ghs-pop-e2020
MH-JAB,29,ghs-pop-e2020
MH-JAL,363,ghs-pop-e2020
MH-KWA,3715,ghs-pop-e2020
MH-LAE,132,ghs-pop-e2020
MH-LIB,30,ghs-pop-e2020
MH-LIK,143,ghs-pop-e2020
MH-MAJ,7260,ghs-pop-e2020
MH-MAL,232,ghs-pop-e2020
MH-MEJ,151,ghs-pop-e2020
MH-MIL,174,ghs-pop-e2020
MH-NAK,133,ghs-pop-e2020
MH-NAM,169,ghs-pop-e2020
MH-UJA,133,ghs-pop-e2020
MH-UTI,168,ghs-pop-e2020
MH-WOO,30,ghs-pop-e2020
MH-WOT,349,ghs-pop-e2020
MH-XAA,501827,level-median
MK-AER,74707,ghs-pop-e2020
MK-ARA,14029,ghs-pop-e2020
MK-BER,13095,ghs-pop-e2020
MK-BIT,91659,ghs-pop-e2020
MK-BOG,30967,ghs-pop-e2020
MK-BOI,8852,ghs-pop-e2020
MK-BOS,17127,ghs-pop-e2020
MK-BRV,17179,ghs-pop-e2020
MK-BUT,81584,ghs-pop-e2020
MK-CAI,38386,ghs-pop-e2020
MK-CAS,7860,ghs-pop-e2020
MK-CEN,51927,ghs-pop-e2020
MK-CEO,7109,ghs-pop-e2020
MK-CEZ,6984,ghs-pop-e2020
MK-CUS,19838,ghs-pop-e2020
MK-DEA,4432,ghs-pop-e2020
MK-DEB,20746,ghs-pop-e2020
MK-DEH,8467,ghs-pop-e2020
MK-DEK,4390,ghs-pop-e2020
MK-DEL,16617,ghs-pop-e2020
MK-DOL,13919,ghs-pop-e2020
MK-GAB,91410,ghs-pop-e2020
MK-GEV,22732,ghs-pop-e2020
MK-GJP,51760,ghs-pop-e2020
MK-GOS,84971,ghs-pop-e2020
MK-GRA,3658,ghs-pop-e2020
MK-ILI,17221,ghs-pop-e2020
MK-JEG,11102,ghs-pop-e2020
MK-KAI,4496,ghs-pop-e2020
MK-KAR,62706,ghs-pop-e2020
MK-KAV,39072,ghs-pop-e2020
MK-KIC,57158,ghs-pop-e2020
MK-KIV,32851,ghs-pop-e2020
MK-KOC,37774,ghs-pop-e2020
MK-KON,3482,ghs-pop-e2020
MK-KRA,9707,ghs-pop-e2020
MK-KRI,6077,ghs-pop-e2020
MK-KRP,20264,ghs-pop-e2020
MK-KRU,9166,ghs-pop-e2020
MK-KUM,108424,ghs-pop-e2020
MK-LIP,29192,ghs-pop-e2020
MK-LOZ,2453,ghs-pop-e2020
MK-MAB,6547,ghs-pop-e2020
MK-MAK,7602,ghs-pop-e2020
MK-MAR,9196,ghs-pop-e2020
MK-MOG,6337,ghs-pop-e2020
MK-NEG,19181,ghs-pop-e2020
MK-NOS,11300,ghs-pop-e2020
MK-NOV,3360,ghs-pop-e2020
MK-OHR,50470,ghs-pop-e2020
MK-PEH,4991,ghs-pop-e2020
MK-PET,9186,ghs-pop-e2020
MK-PLA,4727,ghs-pop-e2020
MK-PRI,76951,ghs-pop-e2020
MK-PRO,15309,ghs-pop-e2020
MK-RAD,28984,ghs-pop-e2020
MK-RAN,3829,ghs-pop-e2020
MK-RES,15783,ghs-pop-e2020
MK-ROS,4141,ghs-pop-e2020
MK-SAR,41806,ghs-pop-e2020
MK-SOP,11198,ghs-pop-e2020
MK-STA,54050,ghs-pop-e2020
MK-STD,3349,ghs-pop-e2020
MK-STI,48075,ghs-pop-e2020
MK-STN,4515,ghs-pop-e2020
MK-STR,63482,ghs-pop-e2020
MK-STU,20349,ghs-pop-e2020
MK-SUO,19599,ghs-pop-e2020
MK-SVN,17948,ghs-pop-e2020
MK-TEA,24210,ghs-pop-e2020
MK-TET,93368,ghs-pop-e2020
MK-VAL,12003,ghs-pop-e2020
MK-VAS,13153,ghs-pop-e2020
MK-VEL,55832,ghs-pop-e2020
MK-VEV,3170,ghs-pop-e2020
MK-VIN,19371,ghs-pop-e2020
MK-VRA,29253,ghs-pop-e2020
MK-ZEL,28616,ghs-pop-e2020
MK-ZEO,4857,ghs-pop-e2020
MK-ZRN,2819,ghs-pop-e2020
ML-BKO,2604705,ghs-pop-e2020
ML-GAO,842788,ghs-pop-e2020
ML-KAY,2835173,ghs-pop-e2020
ML-KID,116249,ghs-pop-e2020
ML-KOU,3866142,ghs-pop-e2020
ML-MOP,2776552,ghs-pop-e2020
ML-SEG,3219571,ghs-pop-e2020
ML-SIK,3927827,ghs-pop-e2020
ML-TIM,1035229,ghs-pop-e2020
MM-AY,6282753,ghs-pop-e2020
MM-BA,5113261,ghs-pop-e2020
MM-CH,583445,ghs-pop-e2020
MM-KY,1569648,ghs-pop-e2020
MM-KA,1972357,ghs-pop-e2020
MM-KH,310421,ghs-pop-e2020
MM-MA,6948726,ghs-pop-e2020
MM-MG,3885298,ghs-pop-e2020
MM-MO,1944975,ghs-pop-e2020
MM-NA,219121,ghs-pop-e2020
MM-RA,1838461,ghs-pop-e2020
MM-SA,5829687,ghs-pop-e2020
MM-SH,6817459,ghs-pop-e2020
MM-TA,1373959,ghs-pop-e2020
MM-YA,8175493,ghs-pop-e2020
MN-AR,84072,ghs-pop-e2020
MN-BA,78019,ghs-pop-e2020
MN-BO,91891,ghs-pop-e2020
MN-BU,56785,ghs-pop-e2020
MN-DN,33492,ghs-pop-e2020
MN-DO,76341,ghs-pop-e2020
MN-DR,72288,ghs-pop-e2020
MN-DU,104489,ghs-pop-e2020
MN-DZ,54385,ghs-pop-e2020
MN-GA,51479,ghs-pop-e2020
MN-GO,16033,ghs-pop-e2020
MN-HE,69311,ghs-pop-e2020
MN-HO,116909,ghs-pop-e2020
MN-HV,69355,ghs-pop-e2020
MN-OM,89149,ghs-pop-e2020
MN-OR,111802,ghs-pop-e2020
MN-OV,104415,ghs-pop-e2020
MN-SE,106245,ghs-pop-e2020
MN-SU,53544,ghs-pop-e2020
MN-TO,87735,ghs-pop-e2020
MN-UL,1700393,ghs-pop-e2020
MN-UV,62341,ghs-pop-e2020
MP-NI,501827,level-median
MP-RO,1962,ghs-pop-e2020
MP-SA,40417,ghs-pop-e2020
MP-TI,2893,ghs-pop-e2020
MQ-FD,140433,ghs-pop-e2020
MQ-LM,108026,ghs-pop-e2020
MQ-LT,75179,ghs-pop-e2020
MQ-SP,19896,ghs-pop-e2020
MR-ADR,63170,ghs-pop-e2020
MR-ASS,398259,ghs-pop-e2020
MR-BRA,391150,ghs-pop-e2020
MR-DAN,159375,ghs-pop-e2020
MR-GOR,410934,ghs-pop-e2020
MR-GUI,331400,ghs-pop-e2020
MR-HEC,584812,ghs-pop-e2020
MR-HEG,364603,ghs-pop-e2020
MR-INC,27550,ghs-pop-e2020
MR-NKC,1342302,ghs-pop-e2020
MR-TAG,88556,ghs-pop-e2020
MR-TIZ,63291,ghs-pop-e2020
MR-TRA,273666,ghs-pop-e2020
MS-SA,501827,level-median
MS-SG,7,ghs-pop-e2020
MS-SP,4004,ghs-pop-e2020
MT-CE,116890,ghs-pop-e2020
MT-GA,32072,ghs-pop-e2020
MT-NO,115668,ghs-pop-e2020
MT-TR,111887,ghs-pop-e2020
MT-XL,113509,ghs-pop-e2020
MU-AG,153,ghs-pop-e2020
MU-BL,80905,ghs-pop-e2020
MU-FL,139032,ghs-pop-e2020
MU-GP,109062,ghs-pop-e2020
MU-MO,90731,ghs-pop-e2020
MU-PA,141930,ghs-pop-e2020
MU-PL,116379,ghs-pop-e2020
MU-PW,371486,ghs-pop-e2020
MU-RO,38997,ghs-pop-e2020
MU-RR,106702,ghs-pop-e2020
MU-SA,67667,ghs-pop-e2020
MU-SB,501827,level-median
MW-BA,451764,ghs-pop-e2020
MW-BL,1306362,ghs-pop-e2020
MW-CK,607756,ghs-pop-e2020
MW-CR,386116,ghs-pop-e2020
MW-CT,280095,ghs-pop-e2020
MW-DE,915080,ghs-pop-e2020
MW-DO,862510,ghs-pop-e2020
MW-KR,414619,ghs-pop-e2020
MW-KS,926215,ghs-pop-e2020
MW-LI,3044367,ghs-pop-e2020
MW-LK,11440,ghs-pop-e2020
MW-MC,714086,ghs-pop-e2020
MW-MG,1178998,ghs-pop-e2020
MW-MH,755191,ghs-pop-e2020
MW-MU,720780,ghs-pop-e2020
MW-MW,153916,ghs-pop-e2020
MW-MZ,1348089,ghs-pop-e2020
MW-NB,325179,ghs-pop-e2020
MW-NE,173237,ghs-pop-e2020
MW-NI,335000,ghs-pop-e2020
MW-NK,446038,ghs-pop-e2020
MW-NS,333865,ghs-pop-e2020
MW-NU,676806,ghs-pop-e2020
MW-PH,439720,ghs-pop-e2020
MW-RU,247809,ghs-pop-e2020
MW-SA,526516,ghs-pop-e2020
MW-TH,865953,ghs-pop-e2020
MW-ZO,898623,ghs-pop-e2020
MX-AGU,1332522,ghs-pop-e2020
MX-BCN,3343933,ghs-pop-e2020
MX-BCS,990000,ghs-pop-e2020
MX-CAM,934051,ghs-pop-e2020
MX-CHH,3611836,ghs-pop-e2020
MX-CHP,6014016,ghs-pop-e2020
MX-COA,3078599,ghs-pop-e2020
MX-COL,788964,ghs-pop-e2020
MX-DIF,8015397,ghs-pop-e2020
MX-DUR,1974167,ghs-pop-e2020
MX-GRO,3921348,ghs-pop-e2020
MX-GUA,6397677,ghs-pop-e2020
MX-HID,3381600,ghs-pop-e2020
MX-JAL,8038105,ghs-pop-e2020
MX-MEX,16344238,ghs-pop-e2020
MX-MIC,5130746,ghs-pop-e2020
MX-MOR,2007151,ghs-pop-e2020
MX-NAY,1379573,ghs-pop-e2020
MX-NLE,5255078,ghs-pop-e2020
MX-OAX,4499518,ghs-pop-e2020
MX-PUE,6344441,ghs-pop-e2020
MX-QUE,2181257,ghs-pop-e2020
MX-ROO,1579389,ghs-pop-e2020
MX-SIN,2999363,ghs-pop-e2020
MX-SLP,2865610,ghs-pop-e2020
MX-SON,3116213,ghs-pop-e2020
MX-TAB,2732943,ghs-pop-e2020
MX-TAM,3524469,ghs-pop-e2020
MX-TLA,1348726,ghs-pop-e2020
MX-VER,8534473,ghs-pop-e2020
MX-YUC,2164709,ghs-pop-e2020
MX-ZAC,1779288,ghs-pop-e2020
MY-JO,3801178,ghs-pop-e2020
MY-KD,2102963,ghs-pop-e2020
MY-KE,1589533,ghs-pop-e2020
MY-KL,2325196,ghs-pop-e2020
MY-LA,81529,ghs-pop-e2020
MY-ME,917222,ghs-pop-e2020
MY-NS,1063544,ghs-pop-e2020
MY-PA,1630193,ghs-pop-e2020
MY-PE,2607378,ghs-pop-e2020
MY-PP,1661939,ghs-pop-e2020
MY-PR,234808,ghs-pop-e2020
MY-PU,71964,ghs-pop-e2020
MY-SA,3711354,ghs-pop-e2020
MY-SE,7202422,ghs-pop-e2020
MY-SR,2667783,ghs-pop-e2020
MY-TR,1078971,ghs-pop-e2020
MZ-CD,2170047,ghs-pop-e2020
MZ-GA,1521694,ghs-pop-e2020
MZ-IN,1506791,ghs-pop-e2020
MZ-MA,2379806,ghs-pop-e2020
MZ-MC,2894024,ghs-pop-e2020
MZ-MP,815895,ghs-pop-e2020
MZ-NA,5925115,ghs-pop-e2020
MZ-NS,2119601,ghs-pop-e2020
MZ-SO,2416256,ghs-pop-e2020
MZ-TE,3452711,ghs-pop-e2020
MZ-ZA,5860940,ghs-pop-e2020
NA-CA,114726,ghs-pop-e2020
NA-ER,202641,ghs-pop-e2020
NA-HA,96544,ghs-pop-e2020
NA-KA,94178,ghs-pop-e2020
NA-KH,413158,ghs-pop-e2020
NA-KU,109627,ghs-pop-e2020
NA-OD,160054,ghs-pop-e2020
NA-OH,78553,ghs-pop-e2020
NA-OK,253471,ghs-pop-e2020
NA-ON,202555,ghs-pop-e2020
NA-OS,274169,ghs-pop-e2020
NA-OT,215643,ghs-pop-e2020
NA-OW,279060,ghs-pop-e2020
NC-IL,7820,ghs-pop-e2020
NC-NO,37809,ghs-pop-e2020
NC-SU,219936,ghs-pop-e2020
NE-AG,684091,ghs-pop-e2020
NE-DI,911647,ghs-pop-e2020
NE-DO,2666845,ghs-pop-e2020
NE-MA,4683419,ghs-pop-e2020
NE-NI,1357633,ghs-pop-e2020
NE-TA,5036207,ghs-pop-e2020
NE-TI,3678875,ghs-pop-e2020
NE-ZI,5328638,ghs-pop-e2020
NG-AB,4400619,ghs-pop-e2020
NG-AD,4551439,ghs-pop-e2020
NG-AK,6387390,ghs-pop-e2020
NG-AN,6721499,ghs-pop-e2020
NG-BA,7059020,ghs-pop-e2020
NG-BE,6194687,ghs-pop-e2020
NG-BO,6236455,ghs-pop-e2020
NG-BY,2483989,ghs-pop-e2020
NG-CR,4012299,ghs-pop-e2020
NG-DE,6321405,ghs-pop-e2020
NG-EB,3328354,ghs-pop-e2020
NG-ED,4587375,ghs-pop-e2020
NG-EK,3583610,ghs-pop-e2020
NG-EN,4786561,ghs-pop-e2020
NG-FC,2804739,ghs-pop-e2020
NG-GO,3569010,ghs-pop-e2020
NG-IM,5823329,ghs-pop-e2020
NG-JI,6252409,ghs-pop-e2020
NG-KD,8518873,ghs-pop-e2020
NG-KE,4819852,ghs-pop-e2020
NG-KN,13896465,ghs-pop-e2020
NG-KO,5132776,ghs-pop-e2020
NG-KT,8452074,ghs-pop-e2020
NG-KW,3384750,ghs-pop-e2020
NG-LA,11796594,ghs-pop-e2020
NG-NA,2703522,ghs-pop-e2020
NG-NI,5963436,ghs-pop-e2020
NG-OG,5584190,ghs-pop-e2020
NG-ON,4962908,ghs-pop-e2020
NG-OS,5024754,ghs-pop-e2020
NG-OY,8208181,ghs-pop-e2020
NG-PL,4579038,ghs-pop-e2020
NG-RI,8347678,ghs-pop-e2020
NG-SO,5447804,ghs-pop-e2020
NG-TA,3285065,ghs-pop-e2020
NG-YO,3599619,ghs-pop-e2020
NG-ZA,4825683,ghs-pop-e2020
NI-AN,539833,ghs-pop-e2020
NI-AS,356522,ghs-pop-e2020
NI-BO,175223,ghs-pop-e2020
NI-CA,189568,ghs-pop-e2020
NI-CI,414389,ghs-pop-e2020
NI-CO,164330,ghs-pop-e2020
NI-ES,248166,ghs-pop-e2020
NI-GR,182417,ghs-pop-e2020
NI-JI,545256,ghs-pop-e2020
NI-LE,383393,ghs-pop-e2020
NI-MD,172694,ghs-pop-e2020
NI-MN,1699976,ghs-pop-e2020
NI-MS,359072,ghs-pop-e2020
NI-MT,672861,ghs-pop-e2020
NI-NS,279858,ghs-pop-e2020
NI-RI,151753,ghs-pop-e2020
NI-SJ,140732,ghs-pop-e2020
NL-DR,511651,ghs-pop-e2020
NL-FL,433440,ghs-pop-e2020
NL-FR,667112,ghs-pop-e2020
NL-GE,2093603,ghs-pop-e2020
NL-GR,560592,ghs-pop-e2020
NL-LI,1094107,ghs-pop-e2020
NL-NB,2567504,ghs-pop-e2020
NL-NH,2840708,ghs-pop-e2020
NL-OV,1174998,ghs-pop-e2020
NL-UT,1395877,ghs-pop-e2020
NL-XA,501827,level-median
NL-ZE,369297,ghs-pop-e2020
NO-AA,110416,ghs-pop-e2020
NO-AK,606389,ghs-pop-e2020
NO-AS,291844,ghs-pop-e2020
NO-BU,275243,ghs-pop-e2020
NO-FI,62875,ghs-pop-e2020
NO-HE,195068,ghs-pop-e2020
NO-HO,467558,ghs-pop-e2020
NO-MR,210618,ghs-pop-e2020
NO-NO,205125,ghs-pop-e2020
NO-NT,126081,ghs-pop-e2020
NO-OP,191595,ghs-pop-e2020
NO-OS,664859,ghs-pop-e2020
NO-RO,456624,ghs-pop-e2020
NO-SO,91656,ghs-pop-e2020
NO-SR,303892,ghs-pop-e2020
NO-TE,170526,ghs-pop-e2020
NO-TR,133344,ghs-pop-e2020
NO-VA,175124,ghs-pop-e2020
NO-VE,237333,ghs-pop-e2020
NP-CE,11383307,ghs-pop-e2020
NP-EA,6611183,ghs-pop-e2020
NP-FW,3442150,ghs-pop-e2020
NP-MW,3221087,ghs-pop-e2020
NP-WE,4705437,ghs-pop-e2020
NR-AN,366,ghs-pop-e2020
NR-AI,1023,ghs-pop-e2020
NR-NT,508,ghs-pop-e2020
NR-BA,396,ghs-pop-e2020
NR-BO,591,ghs-pop-e2020
NR-BU,1514,ghs-pop-e2020
NR-DE,883,ghs-pop-e2020
NR-EW,561,ghs-pop-e2020
NR-IJ,132,ghs-pop-e2020
NR-ME,1024,ghs-pop-e2020
NR-NB,255,ghs-pop-e2020
NR-NI,414,ghs-pop-e2020
NR-UA,268,ghs-pop-e2020
NR-YA,880,ghs-pop-e2020
NZ-AUK,1677586,ghs-pop-e2020
NZ-BOP,289415,ghs-pop-e2020
NZ-CAN,645617,ghs-pop-e2020
NZ-CIT,527,ghs-pop-e2020
NZ-GIS,45148,ghs-pop-e2020
NZ-HKB,168068,ghs-pop-e2020
NZ-MBH,46374,ghs-pop-e2020
NZ-MWT,245198,ghs-pop-e2020
NZ-NOI,501827,level-median
NZ-NSN,51182,ghs-pop-e2020
NZ-NTL,155982,ghs-pop-e2020
NZ-OTA,206806,ghs-pop-e2020
NZ-SOI,501827,level-median
NZ-STL,103668,ghs-pop-e2020
NZ-TAS,51354,ghs-pop-e2020
NZ-TKI,123344,ghs-pop-e2020
NZ-WGN,521279,ghs-pop-e2020
NZ-WKO,464937,ghs-pop-e2020
NZ-WTC,31399,ghs-pop-e2020
OM-ABN,872987,ghs-pop-e2020
OM-ABS,449246,ghs-pop-e2020
OM-ADD,402069,ghs-pop-e2020
OM-ALB,103772,ghs-pop-e2020
OM-ALD,207398,ghs-pop-e2020
OM-ALW,74180,ghs-pop-e2020
OM-ASN,177683,ghs-pop-e2020
OM-ASS,133883,ghs-pop-e2020
OM-DHO,515660,ghs-pop-e2020
OM-MUM,37447,ghs-pop-e2020
OM-MUS,1522973,ghs-pop-e2020
PA-BT,164499,ghs-pop-e2020
PA-CH,485045,ghs-pop-e2020
PA-CL,268469,ghs-pop-e2020
PA-CO,284133,ghs-pop-e2020
PA-DA,56243,ghs-pop-e2020
PA-EM,11425,ghs-pop-e2020
PA-HE,118641,ghs-pop-e2020
PA-KY,12603,ghs-pop-e2020
PA-NB,209516,ghs-pop-e2020
PA-PA,1629429,ghs-pop-e2020
PA-PO,593340,ghs-pop-e2020
PA-SA,95167,ghs-pop-e2020
PA-VE,246369,ghs-pop-e2020
PE-AMA,403858,ghs-pop-e2020
PE-ANC,1118869,ghs-pop-e2020
PE-APU,411311,ghs-pop-e2020
PE-ARE,1432942,ghs-pop-e2020
PE-AYA,740714,ghs-pop-e2020
PE-CAJ,1529364,ghs-pop-e2020
PE-CAL,941992,ghs-pop-e2020
PE-CUS,1329558,ghs-pop-e2020
PE-HUC,866756,ghs-pop-e2020
PE-HUV,519823,ghs-pop-e2020
PE-ICA,823978,ghs-pop-e2020
PE-JUN,1493320,ghs-pop-e2020
PE-LAL,1996567,ghs-pop-e2020
PE-LAM,1304301,ghs-pop-e2020
PE-LIA,994082,ghs-pop-e2020
PE-LIM,9806851,ghs-pop-e2020
PE-LOR,1104238,ghs-pop-e2020
PE-MDD,160615,ghs-pop-e2020
PE-MOQ,187699,ghs-pop-e2020
PE-PAS,330934,ghs-pop-e2020
PE-PIU,1945230,ghs-pop-e2020
PE-PUN,1480432,ghs-pop-e2020
PE-SAM,933137,ghs-pop-e2020
PE-TAC,380266,ghs-pop-e2020
PE-TUM,234110,ghs-pop-e2020
PE-UCA,467537,ghs-pop-e2020
PF-IA,5364,ghs-pop-e2020
PF-ID,193679,ghs-pop-e2020
PF-IM,6990,ghs-pop-e2020
PF-IS,25932,ghs-pop-e2020
PF-IT,6634,ghs-pop-e2020
PG-CPK,608771,ghs-pop-e2020
PG-CPM,273230,ghs-pop-e2020
PG-EBR,307187,ghs-pop-e2020
PG-EHG,780168,ghs-pop-e2020
PG-EPW,675992,ghs-pop-e2020
PG-ESW,537896,ghs-pop-e2020
PG-GPK,131975,ghs-pop-e2020
PG-HLA,618228,ghs-pop-e2020
PG-JWK,583320,ghs-pop-e2020
PG-MBA,278208,ghs-pop-e2020
PG-MPL,761602,ghs-pop-e2020
PG-MPM,587391,ghs-pop-e2020
PG-MRL,39782,ghs-pop-e2020
PG-NAC,467655,ghs-pop-e2020
PG-NIK,157487,ghs-pop-e2020
PG-NPP,226005,ghs-pop-e2020
PG-NSB,276109,ghs-pop-e2020
PG-SAN,264816,ghs-pop-e2020
PG-SHM,727314,ghs-pop-e2020
PG-WBK,279018,ghs-pop-e2020
PG-WHM,486908,ghs-pop-e2020
PG-WPD,205383,ghs-pop-e2020
PH-ABR,259973,ghs-pop-e2020
PH-AGN,774775,ghs-pop-e2020
PH-AGS,872131,ghs-pop-e2020
PH-AKL,610200,ghs-pop-e2020
PH-ALB,1363226,ghs-pop-e2020
PH-ANT,587465,ghs-pop-e2020
PH-APA,153163,ghs-pop-e2020
PH-AUR,239626,ghs-pop-e2020
PH-BAN,757660,ghs-pop-e2020
PH-BAS,153892,ghs-pop-e2020
PH-BEN,934731,ghs-pop-e2020
PH-BIL,170366,ghs-pop-e2020
PH-BOH,1264442,ghs-pop-e2020
PH-BTG,2902126,ghs-pop-e2020
PH-BTN,16506,ghs-pop-e2020
PH-BUK,1801846,ghs-pop-e2020
PH-BUL,3631169,ghs-pop-e2020
PH-CAG,1320651,ghs-pop-e2020
PH-CAM,78597,ghs-pop-e2020
PH-CAN,624270,ghs-pop-e2020
PH-CAP,784099,ghs-pop-e2020
PH-CAS,2293394,ghs-pop-e2020
PH-CAT,267347,ghs-pop-e2020
PH-CAV,3852103,ghs-pop-e2020
PH-CEB,4879968,ghs-pop-e2020
PH-COV,899450,ghs-pop-e2020
PH-DAO,600569,ghs-pop-e2020
PH-DAS,2816182,ghs-pop-e2020
PH-DAV,1370366,ghs-pop-e2020
PH-DIN,121396,ghs-pop-e2020
PH-EAS,478815,ghs-pop-e2020
PH-GUI,199509,ghs-pop-e2020
PH-IFU,236001,ghs-pop-e2020
PH-ILI,2622499,ghs-pop-e2020
PH-ILN,651402,ghs-pop-e2020
PH-ILS,744040,ghs-pop-e2020
PH-ISA,1889291,ghs-pop-e2020
PH-KAL,293753,ghs-pop-e2020
PH-LAG,3702567,ghs-pop-e2020
PH-LAN,1255332,ghs-pop-e2020
PH-LAS,683158,ghs-pop-e2020
PH-LEY,1906221,ghs-pop-e2020
PH-LUN,799702,ghs-pop-e2020
PH-MAD,207781,ghs-pop-e2020
PH-MAG,916033,ghs-pop-e2020
PH-MAS,929539,ghs-pop-e2020
PH-MEM,12698738,ghs-pop-e2020
PH-MOU,183440,ghs-pop-e2020
PH-MSC,661687,ghs-pop-e2020
PH-MSR,1728840,ghs-pop-e2020
PH-NCO,1696411,ghs-pop-e2020
PH-NEC,3033917,ghs-pop-e2020
PH-NER,1438148,ghs-pop-e2020
PH-NSA,660860,ghs-pop-e2020
PH-NUE,2462194,ghs-pop-e2020
PH-NUV,528882,ghs-pop-e2020
PH-OCM,515243,ghs-pop-e2020
PH-ORM,954288,ghs-pop-e2020
PH-PAM,2961051,ghs-pop-e2020
PH-PAN,3340232,ghs-pop-e2020
PH-PLW,1254374,ghs-pop-e2020
PH-QUE,2270455,ghs-pop-e2020
PH-QUI,236220,ghs-pop-e2020
PH-RIZ,3148581,ghs-pop-e2020
PH-ROM,250617,ghs-pop-e2020
PH-SAR,555084,ghs-pop-e2020
PH-SCO,1644117,ghs-pop-e2020
PH-SIG,94931,ghs-pop-e2020
PH-SLE,365514,ghs-pop-e2020
PH-SLU,354647,ghs-pop-e2020
PH-SOR,784592,ghs-pop-e2020
PH-SUK,1034254,ghs-pop-e2020
PH-SUN,503223,ghs-pop-e2020
PH-SUR,571247,ghs-pop-e2020
PH-TAR,1424881,ghs-pop-e2020
PH-TAW,129076,ghs-pop-e2020
PH-WSA,775861,ghs-pop-e2020
PH-ZAN,1112017,ghs-pop-e2020
PH-ZAS,1905159,ghs-pop-e2020
PH-ZMB,863011,ghs-pop-e2020
PH-ZSI,715695,ghs-pop-e2020
PK-BA,8023346,ghs-pop-e2020
PK-FA,4512662,ghs-pop-e2020
PK-IS,2587832,ghs-pop-e2020
PK-KP,31206066,ghs-pop-e2020
PK-PB,123764626,ghs-pop-e2020
PK-SD,52171766,ghs-pop-e2020
PL-DO,2892236,ghs-pop-e2020
PL-KP,2090682,ghs-pop-e2020
PL-LB,1047689,ghs-pop-e2020
PL-LU,2120246,ghs-pop-e2020
PL-MA,5440083,ghs-pop-e2020
PL-MO,3382894,ghs-pop-e2020
PL-OD,2441839,ghs-pop-e2020
PL-OP,957100,ghs-pop-e2020
PL-PD,1190787,ghs-pop-e2020
PL-PM,2324840,ghs-pop-e2020
PL-PO,2123211,ghs-pop-e2020
PL-SL,4469228,ghs-pop-e2020
PL-SW,1247365,ghs-pop-e2020
PL-WI,3488165,ghs-pop-e2020
PL-WM,1454256,ghs-pop-e2020
PL-ZA,1701744,ghs-pop-e2020
PM-ML,787,ghs-pop-e2020
PM-SP,3953,ghs-pop-e2020
PR-AB,25693,ghs-pop-e2020
PR-AD,18759,ghs-pop-e2020
PR-AG,48895,ghs-pop-e2020
PR-AI,22046,ghs-pop-e2020
PR-AN,28280,ghs-pop-e2020
PR-AR,81321,ghs-pop-e2020
PR-BR,28106,ghs-pop-e2020
PR-BC,21848,ghs-pop-e2020
PR-BA,170060,ghs-pop-e2020
PR-CA,148398,ghs-pop-e2020
PR-CB,9600,ghs-pop-e2020
PR-CG,125765,ghs-pop-e2020
PR-CI,38789,ghs-pop-e2020
PR-CL,15372,ghs-pop-e2020
PR-CM,30605,ghs-pop-e2020
PR-CN,44572,ghs-pop-e2020
PR-CE,18551,ghs-pop-e2020
PR-CR,50121,ghs-pop-e2020
PR-CT,22823,ghs-pop-e2020
PR-CU,1502,ghs-pop-e2020
PR-CY,43443,ghs-pop-e2020
PR-CZ,33207,ghs-pop-e2020
PR-DO,36736,ghs-pop-e2020
PR-FA,28592,ghs-pop-e2020
PR-FL,11353,ghs-pop-e2020
PR-GA,18901,ghs-pop-e2020
PR-GD,38653,ghs-pop-e2020
PR-GN,15981,ghs-pop-e2020
PR-GR,49385,ghs-pop-e2020
PR-GU,82736,ghs-pop-e2020
PR-GY,42535,ghs-pop-e2020
PR-HA,38489,ghs-pop-e2020
PR-HO,16376,ghs-pop-e2020
PR-HU,49567,ghs-pop-e2020
PR-IS,40938,ghs-pop-e2020
PR-JA,14916,ghs-pop-e2020
PR-JD,42540,ghs-pop-e2020
PR-JU,39374,ghs-pop-e2020
PR-LA,25327,ghs-pop-e2020
PR-LJ,23234,ghs-pop-e2020
PR-LM,8440,ghs-pop-e2020
PR-LO,22183,ghs-pop-e2020
PR-LP,37372,ghs-pop-e2020
PR-LU,17256,ghs-pop-e2020
PR-MN,38297,ghs-pop-e2020
PR-MO,37468,ghs-pop-e2020
PR-MU,10740,ghs-pop-e2020
PR-MR,31014,ghs-pop-e2020
PR-MI,5668,ghs-pop-e2020
PR-MA,72089,ghs-pop-e2020
PR-NG,25627,ghs-pop-e2020
PR-NA,26434,ghs-pop-e2020
PR-CO,40418,ghs-pop-e2020
PR-OR,20148,ghs-pop-e2020
PR-PA,17007,ghs-pop-e2020
PR-PE,21367,ghs-pop-e2020
PR-PO,139326,ghs-pop-e2020
PR-QU,22691,ghs-pop-e2020
PR-RG,48839,ghs-pop-e2020
PR-RI,13555,ghs-pop-e2020
PR-RY,18085,ghs-pop-e2020
PR-SA,29141,ghs-pop-e2020
PR-SB,23741,ghs-pop-e2020
PR-SG,32604,ghs-pop-e2020
PR-SI,21450,ghs-pop-e2020
PR-SJ,308325,ghs-pop-e2020
PR-SL,36750,ghs-pop-e2020
PR-SS,38545,ghs-pop-e2020
PR-TA,73800,ghs-pop-e2020
PR-TB,74466,ghs-pop-e2020
PR-TR,63691,ghs-pop-e2020
PR-UT,29630,ghs-pop-e2020
PR-VA,36637,ghs-pop-e2020
PR-VB,50324,ghs-pop-e2020
PR-VI,21449,ghs-pop-e2020
PR-VQ,8189,ghs-pop-e2020
PR-YA,34971,ghs-pop-e2020
PR-YB,31720,ghs-pop-e2020
PS-GZA,1759035,ghs-pop-e2020
PS-WEB,3261727,ghs-pop-e2020
PT-AV,640459,ghs-pop-e2020
PT-AZ,204502,ghs-pop-e2020
PT-BA,117950,ghs-pop-e2020
PT-BE,134803,ghs-pop-e2020
PT-BR,777502,ghs-pop-e2020
PT-CB,173320,ghs-pop-e2020
PT-CO,387341,ghs-pop-e2020
PT-EV,150013,ghs-pop-e2020
PT-FA,456733,ghs-pop-e2020
PT-GU,136441,ghs-pop-e2020
PT-LE,440957,ghs-pop-e2020
PT-LI,2337616,ghs-pop-e2020
PT-MA,250845,ghs-pop-e2020
PT-PO,1804494,ghs-pop-e2020
PT-PR,103583,ghs-pop-e2020
PT-SA,417546,ghs-pop-e2020
PT-SE,877541,ghs-pop-e2020
PT-VC,222154,ghs-pop-e2020
PT-VI,341426,ghs-pop-e2020
PT-VR,178963,ghs-pop-e2020
PW-AIM,269,ghs-pop-e2020
PW-AIR,3225,ghs-pop-e2020
PW-ANG,547,ghs-pop-e2020
PW-HAT,501827,level-median
PW-KAY,41,ghs-pop-e2020
PW-KOR,5870,ghs-pop-e2020
PW-MEL,600,ghs-pop-e2020
PW-NGA,1150,ghs-pop-e2020
PW-NGC,125,ghs-pop-e2020
PW-NGD,244,ghs-pop-e2020
PW-NGE,122,ghs-pop-e2020
PW-NGG,891,ghs-pop-e2020
PW-NGI,132,ghs-pop-e2020
PW-NGU,41,ghs-pop-e2020
PW-PEL,436,ghs-pop-e2020
PW-SON,130,ghs-pop-e2020
PY-AMA,190120,ghs-pop-e2020
PY-APA,846351,ghs-pop-e2020
PY-APR,19632,ghs-pop-e2020
PY-ASU,345486,ghs-pop-e2020
PY-BOQ,76018,ghs-pop-e2020
PY-CAA,621714,ghs-pop-e2020
PY-CAN,272709,ghs-pop-e2020
PY-CEN,1479281,ghs-pop-e2020
PY-CON,277162,ghs-pop-e2020
PY-COR,331113,ghs-pop-e2020
PY-CZP,208473,ghs-pop-e2020
PY-GUA,246403,ghs-pop-e2020
PY-ITA,679633,ghs-pop-e2020
PY-MIS,136080,ghs-pop-e2020
PY-NEE,86999,ghs-pop-e2020
PY-PAR,170612,ghs-pop-e2020
PY-PRH,141189,ghs-pop-e2020
PY-SAP,475739,ghs-pop-e2020
QA-AD,41830,ghs-pop-e2020
QA-AK,296203,ghs-pop-e2020
QA-DA,1145934,ghs-pop-e2020
QA-MA,10308,ghs-pop-e2020
QA-RA,940043,ghs-pop-e2020
QA-US,75071,ghs-pop-e2020
QA-WA,233710,ghs-pop-e2020
RE-SA,186076,ghs-pop-e2020
RE-SB,134118,ghs-pop-e2020
RE-SD,308023,ghs-pop-e2020
RE-SP,302206,ghs-pop-e2020
RO-AB,329642,ghs-pop-e2020
RO-AG,592681,ghs-pop-e2020
RO-AR,418198,ghs-pop-e2020
RO-BC,579746,ghs-pop-e2020
RO-BH,568474,ghs-pop-e2020
RO-BN,276894,ghs-pop-e2020
RO-BR,305339,ghs-pop-e2020
RO-BT,389436,ghs-pop-e2020
RO-BU,1853767,ghs-pop-e2020
RO-BV,541992,ghs-pop-e2020
RO-BZ,433851,ghs-pop-e2020
RO-CJ,701878,ghs-pop-e2020
RO-CL,289320,ghs-pop-e2020
RO-CS,267070,ghs-pop-e2020
RO-CT,636970,ghs-pop-e2020
RO-CV,203509,ghs-pop-e2020
RO-DB,501827,ghs-pop-e2020
RO-DJ,635975,ghs-pop-e2020
RO-GJ,325455,ghs-pop-e2020
RO-GL,515087,ghs-pop-e2020
RO-GR,274551,ghs-pop-e2020
RO-HD,379822,ghs-pop-e2020
RO-HR,303577,ghs-pop-e2020
RO-IF,448950,ghs-pop-e2020
RO-IL,265770,ghs-pop-e2020
RO-IS,759397,ghs-pop-e2020
RO-MH,247647,ghs-pop-e2020
RO-MM,465879,ghs-pop-e2020
RO-MS,538574,ghs-pop-e2020
RO-NT,437676,ghs-pop-e2020
RO-OT,410413,ghs-pop-e2020
RO-PH,733934,ghs-pop-e2020
RO-SB,387404,ghs-pop-e2020
RO-SJ,214950,ghs-pop-e2020
RO-SM,334569,ghs-pop-e2020
RO-SV,606800,ghs-pop-e2020
RO-TL,177023,ghs-pop-e2020
RO-TM,692324,ghs-pop-e2020
RO-TR,364359,ghs-pop-e2020
RO-VL,346562,ghs-pop-e2020
RO-VN,320480,ghs-pop-e2020
RO-VS,355042,ghs-pop-e2020
RS-BO,111449,ghs-pop-e2020
RS-BR,177433,ghs-pop-e2020
RS-GB,1889365,ghs-pop-e2020
RS-JA,202082,ghs-pop-e2020
RS-JB,667862,ghs-pop-e2020
RS-JU,329745,ghs-pop-e2020
RS-KO,164222,ghs-pop-e2020
RS-MA,224498,ghs-pop-e2020
RS-MO,214198,ghs-pop-e2020
RS-NI,412497,ghs-pop-e2020
RS-PC,163813,ghs-pop-e2020
RS-PD,188916,ghs-pop-e2020
RS-PI,82684,ghs-pop-e2020
RS-PO,207502,ghs-pop-e2020
RS-RA,342768,ghs-pop-e2020
RS-RS,232002,ghs-pop-e2020
RS-SB,194507,ghs-pop-e2020
RS-SE,185716,ghs-pop-e2020
RS-SR,345465,ghs-pop-e2020
RS-SU,303137,ghs-pop-e2020
RS-SV,134882,ghs-pop-e2020
RS-TO,82380,ghs-pop-e2020
RS-ZA,105830,ghs-pop-e2020
RS-ZB,172882,ghs-pop-e2020
RS-ZL,270997,ghs-pop-e2020
RU-ADY,531517,ghs-pop-e2020
RU-ALT,2284554,ghs-pop-e2020
RU-AMU,799354,ghs-pop-e2020
RU-ARS,1053429,ghs-pop-e2020
RU-AST,1034514,ghs-pop-e2020
RU-BAS,4204220,ghs-pop-e2020
RU-BEL,1628478,ghs-pop-e2020
RU-BRY,1197631,ghs-pop-e2020
RU-BUR,960629,ghs-pop-e2020
RU-CHA,1421665,ghs-pop-e2020
RU-CHE,3465673,ghs-pop-e2020
RU-CHT,37314,ghs-pop-e2020
RU-CHU,1249601,ghs-pop-e2020
RU-COS,5186072,ghs-pop-e2020
RU-DAG,3220890,ghs-pop-e2020
RU-GOA,218554,ghs-pop-e2020
RU-ING,507117,ghs-pop-e2020
RU-IRK,2359396,ghs-pop-e2020
RU-IVA,1029169,ghs-pop-e2020
RU-KAB,827459,ghs-pop-e2020
RU-KAC,671162,ghs-pop-e2020
RU-KAD,980796,ghs-pop-e2020
RU-KAK,295538,ghs-pop-e2020
RU-KAL,1059279,ghs-pop-e2020
RU-KAM,288212,ghs-pop-e2020
RU-KAR,600155,ghs-pop-e2020
RU-KEM,2670420,ghs-pop-e2020
RU-KHA,1324687,ghs-pop-e2020
RU-KHM,1660328,ghs-pop-e2020
RU-KHS,337394,ghs-pop-e2020
RU-KIR,1201796,ghs-pop-e2020
RU-KOM,799665,ghs-pop-e2020
RU-KOS,628143,ghs-pop-e2020
RU-KRA,5421449,ghs-pop-e2020
RU-KRK,2954608,ghs-pop-e2020
RU-KUN,811354,ghs-pop-e2020
RU-KUR,1087978,ghs-pop-e2020
RU-LEN,2213142,ghs-pop-e2020
RU-LIP,1143225,ghs-pop-e2020
RU-MAE,700248,ghs-pop-e2020
RU-MAG,126975,ghs-pop-e2020
RU-MOC,11552014,ghs-pop-e2020
RU-MOR,861664,ghs-pop-e2020
RU-MOW,9195201,ghs-pop-e2020
RU-MUR,706127,ghs-pop-e2020
RU-NEN,38182,ghs-pop-e2020
RU-NIZ,3190108,ghs-pop-e2020
RU-NOD,598796,ghs-pop-e2020
RU-NOO,670760,ghs-pop-e2020
RU-NOV,2827402,ghs-pop-e2020
RU-OMS,1902828,ghs-pop-e2020
RU-ORE,1929443,ghs-pop-e2020
RU-ORL,737840,ghs-pop-e2020
RU-PEN,1336391,ghs-pop-e2020
RU-PER,2554274,ghs-pop-e2020
RU-PRY,1853389,ghs-pop-e2020
RU-PSK,593784,ghs-pop-e2020
RU-ROS,4174952,ghs-pop-e2020
RU-RYA,1110611,ghs-pop-e2020
RU-SAK,944495,ghs-pop-e2020
RU-SAM,3207054,ghs-pop-e2020
RU-SAN,435270,ghs-pop-e2020
RU-SAR,2449678,ghs-pop-e2020
RU-SMO,937990,ghs-pop-e2020
RU-STA,2829751,ghs-pop-e2020
RU-SVE,4263306,ghs-pop-e2020
RU-TAM,1041215,ghs-pop-e2020
RU-TAT,4004911,ghs-pop-e2020
RU-TOM,1093534,ghs-pop-e2020
RU-TUL,1380509,ghs-pop-e2020
RU-TUV,320051,ghs-pop-e2020
RU-TVE,1296383,ghs-pop-e2020
RU-TYU,1579656,ghs-pop-e2020
RU-UDM,1508791,ghs-pop-e2020
RU-ULY,1254627,ghs-pop-e2020
RU-VLA,1342756,ghs-pop-e2020
RU-VOA,1161395,ghs-pop-e2020
RU-VOL,2548615,ghs-pop-e2020
RU-VOR,2364281,ghs-pop-e2020
RU-YAN,557882,ghs-pop-e2020
RU-YAR,1246290,ghs-pop-e2020
RU-YEV,160219,ghs-pop-e2020
RU-ZAY,1104035,ghs-pop-e2020
RW-AM,3110774,ghs-pop-e2020
RW-BR,2862989,ghs-pop-e2020
RW-IB,3678369,ghs-pop-e2020
RW-MJ,1876633,ghs-pop-e2020
RW-UW,1590210,ghs-pop-e2020
SA-AB,412620,ghs-pop-e2020
SA-AH,402378,ghs-pop-e2020
SA-AJ,469771,ghs-pop-e2020
SA-AM,2408599,ghs-pop-e2020
SA-AQ,1340217,ghs-pop-e2020
SA-AR,10015097,ghs-pop-e2020
SA-AS,3552990,ghs-pop-e2020
SA-HI,577151,ghs-pop-e2020
SA-JI,1379371,ghs-pop-e2020
SA-MA,9563161,ghs-pop-e2020
SA-NA,728521,ghs-pop-e2020
SA-SR,2107602,ghs-pop-e2020
SA-TA,1032020,ghs-pop-e2020
SB-CE,19326,ghs-pop-e2020
SB-CH,23892,ghs-pop-e2020
SB-CT,88393,ghs-pop-e2020
SB-GU,137191,ghs-pop-e2020
SB-IS,25865,ghs-pop-e2020
SB-MK,42880,ghs-pop-e2020
SB-ML,132711,ghs-pop-e2020
SB-RB,3844,ghs-pop-e2020
SB-TE,15717,ghs-pop-e2020
SB-WE,62741,ghs-pop-e2020
SC-AA,3339,ghs-pop-e2020
SC-AB,3891,ghs-pop-e2020
SC-AC,4714,ghs-pop-e2020
SC-AE,5140,ghs-pop-e2020
SC-AR,4137,ghs-pop-e2020
SC-BA,4095,ghs-pop-e2020
SC-BE,2629,ghs-pop-e2020
SC-BL,3513,ghs-pop-e2020
SC-BS,4604,ghs-pop-e2020
SC-BV,3900,ghs-pop-e2020
SC-CA,4348,ghs-pop-e2020
SC-ER,5584,ghs-pop-e2020
SC-GA,3146,ghs-pop-e2020
SC-GL,2668,ghs-pop-e2020
SC-GR,3121,ghs-pop-e2020
SC-LD,3237,ghs-pop-e2020
SC-LM,2439,ghs-pop-e2020
SC-MB,2883,ghs-pop-e2020
SC-MF,3583,ghs-pop-e2020
SC-OI,245,ghs-pop-e2020
SC-PG,2385,ghs-pop-e2020
SC-PL,5034,ghs-pop-e2020
SC-PO,3795,ghs-pop-e2020
SC-RC,2964,ghs-pop-e2020
SC-SL,1742,ghs-pop-e2020
SC-TA,2989,ghs-pop-e2020
SD-AJ,4333664,ghs-pop-e2020
SD-AQ,1849055,ghs-pop-e2020
SD-DC,661657,ghs-pop-e2020
SD-DE,2347339,ghs-pop-e2020
SD-DN,3596426,ghs-pop-e2020
SD-DS,4756611,ghs-pop-e2020
SD-DW,811794,ghs-pop-e2020
SD-KA,2278973,ghs-pop-e2020
SD-KH,7519079,ghs-pop-e2020
SD-NB,1215262,ghs-pop-e2020
SD-NK,2947693,ghs-pop-e2020
SD-NO,951816,ghs-pop-e2020
SD-NR,1582480,ghs-pop-e2020
SD-NW,2552604,ghs-pop-e2020
SD-RS,2316479,ghs-pop-e2020
SD-SI,1867133,ghs-pop-e2020
SD-SK,951208,ghs-pop-e2020
SD-WK,1890999,ghs-pop-e2020
SE-BL,147977,ghs-pop-e2020
SE-DA,282044,ghs-pop-e2020
SE-GA,272229,ghs-pop-e2020
SE-GO,54498,ghs-pop-e2020
SE-HA,315761,ghs-pop-e2020
SE-JA,126939,ghs-pop-e2020
SE-JO,332515,ghs-pop-e2020
SE-KA,224299,ghs-pop-e2020
SE-KR,196613,ghs-pop-e2020
SE-NO,229639,ghs-pop-e2020
SE-OR,295348,ghs-pop-e2020
SE-OS,466095,ghs-pop-e2020
SE-SK,1386492,ghs-pop-e2020
SE-SO,287198,ghs-pop-e2020
SE-ST,2431013,ghs-pop-e2020
SE-UP,357478,ghs-pop-e2020
SE-VA,279123,ghs-pop-e2020
SE-VG,1727142,ghs-pop-e2020
SE-VR,276258,ghs-pop-e2020
SE-VS,257092,ghs-pop-e2020
SE-VT,225225,ghs-pop-e2020
SG-CE,1268304,ghs-pop-e2020
SG-EA,960525,ghs-pop-e2020
SG-NE,1356051,ghs-pop-e2020
SG-NO,926098,ghs-pop-e2020
SG-WE,1340741,ghs-pop-e2020
SH-AC,877,ghs-pop-e2020
SH-HL,4002,ghs-pop-e2020
SH-TA,254,ghs-pop-e2020
SI-GO,205293,ghs-pop-e2020
SI-GR,100545,ghs-pop-e2020
SI-JS,146259,ghs-pop-e2020
SI-KO,70059,ghs-pop-e2020
SI-NK,52975,ghs-pop-e2020
SI-OK,111189,ghs-pop-e2020
SI-OS,589306,ghs-pop-e2020
SI-PM,109921,ghs-pop-e2020
SI-PO,321169,ghs-pop-e2020
SI-SA,262886,ghs-pop-e2020
SI-SP,68591,ghs-pop-e2020
SI-ZA,41472,ghs-pop-e2020
SJ-JM,33,ghs-pop-e2020
SJ-SV,2329,ghs-pop-e2020
SK-BA,666009,ghs-pop-e2020
SK-BR,624401,ghs-pop-e2020
SK-KO,812950,ghs-pop-e2020
SK-NI,671950,ghs-pop-e2020
SK-PR,838681,ghs-pop-e2020
SK-TN,562365,ghs-pop-e2020
SK-TR,588640,ghs-pop-e2020
SK-ZI,689533,ghs-pop-e2020
SL-EA,1747627,ghs-pop-e2020
SL-NO,2750325,ghs-pop-e2020
SL-SO,1806482,ghs-pop-e2020
SL-WE,1829331,ghs-pop-e2020
SM-AC,1602,ghs-pop-e2020
SM-BM,7678,ghs-pop-e2020
SM-CH,842,ghs-pop-e2020
SM-DO,3905,ghs-pop-e2020
SM-FA,1007,ghs-pop-e2020
SM-FI,2680,ghs-pop-e2020
SM-MO,754,ghs-pop-e2020
SM-SE,9913,ghs-pop-e2020
SM-SM,3192,ghs-pop-e2020
SN-DB,1859328,ghs-pop-e2020
SN-DK,3467802,ghs-pop-e2020
SN-FK,874405,ghs-pop-e2020
SN-KA,706364,ghs-pop-e2020
SN-KD,826176,ghs-pop-e2020
SN-KE,192314,ghs-pop-e2020
SN-KL,1190548,ghs-pop-e2020
SN-LG,1067227,ghs-pop-e2020
SN-MT,699498,ghs-pop-e2020
SN-SE,565878,ghs-pop-e2020
SN-SL,1093583,ghs-pop-e2020
SN-TC,857069,ghs-pop-e2020
SN-TH,2168269,ghs-pop-e2020
SN-ZG,678645,ghs-pop-e2020
SO-AW,500155,ghs-pop-e2020
SO-BK,513721,ghs-pop-e2020
SO-BN,3082319,ghs-pop-e2020
SO-BR,611326,ghs-pop-e2020
SO-BY,1031973,ghs-pop-e2020
SO-GA,550901,ghs-pop-e2020
SO-GE,540026,ghs-pop-e2020
SO-HI,548828,ghs-pop-e2020
SO-JD,396718,ghs-pop-e2020
SO-JH,827774,ghs-pop-e2020
SO-MU,615474,ghs-pop-e2020
SO-NU,207007,ghs-pop-e2020
SO-SA,511571,ghs-pop-e2020
SO-SD,1117549,ghs-pop-e2020
SO-SH,2509134,ghs-pop-e2020
SO-SO,250499,ghs-pop-e2020
SO-TO,769924,ghs-pop-e2020
SO-WO,1793960,ghs-pop-e2020
SR-BR,12131,ghs-pop-e2020
SR-CM,42371,ghs-pop-e2020
SR-CR,18141,ghs-pop-e2020
SR-MA,18636,ghs-pop-e2020
SR-NI,34241,ghs-pop-e2020
SR-PM,235752,ghs-pop-e2020
SR-PR,36738,ghs-pop-e2020
SR-SA,17562,ghs-pop-e2020
SR-SI,42204,ghs-pop-e2020
SR-WA,155880,ghs-pop-e2020
SS-EC,1209777,ghs-pop-e2020
SS-EE,3661132,ghs-pop-e2020
SS-JU,1328928,ghs-pop-e2020
SS-LK,585572,ghs-pop-e2020
SS-NB,576373,ghs-pop-e2020
SS-NU,1016725,ghs-pop-e2020
SS-UY,627141,ghs-pop-e2020
SS-WA,765987,ghs-pop-e2020
SS-WB,143361,ghs-pop-e2020
SS-WE,623915,ghs-pop-e2020
ST-PR,7287,ghs-pop-e2020
ST-ST,181400,ghs-pop-e2020
SV-AH,377741,ghs-pop-e2020
SV-CA,154811,ghs-pop-e2020
SV-CH,208838,ghs-pop-e2020
SV-CU,277042,ghs-pop-e2020
SV-LI,782128,ghs-pop-e2020
SV-MO,180179,ghs-pop-e2020
SV-PA,354478,ghs-pop-e2020
SV-SA,586981,ghs-pop-e2020
SV-SM,447273,ghs-pop-e2020
SV-SO,500888,ghs-pop-e2020
SV-SS,1624919,ghs-pop-e2020
SV-SV,177761,ghs-pop-e2020
SV-UN,220022,ghs-pop-e2020
SV-US,365120,ghs-pop-e2020
SY-AL,4741098,ghs-pop-e2020
SY-DA,868916,ghs-pop-e2020
SY-DR,1018100,ghs-pop-e2020
SY-DY,1207174,ghs-pop-e2020
SY-HA,1400798,ghs-pop-e2020
SY-HI,1828144,ghs-pop-e2020
SY-HM,1450784,ghs-pop-e2020
SY-ID,1429436,ghs-pop-e2020
SY-LA,971560,ghs-pop-e2020
SY-QU,106068,ghs-pop-e2020
SY-RA,855540,ghs-pop-e2020
SY-RD,3888355,ghs-pop-e2020
SY-SU,340776,ghs-pop-e2020
SY-TA,618957,ghs-pop-e2020
SZ-HH,332149,ghs-pop-e2020
SZ-LU,243246,ghs-pop-e2020
SZ-MA,391590,ghs-pop-e2020
SZ-SH,216491,ghs-pop-e2020
TC-GT,5597,ghs-pop-e2020
TC-MC,81,ghs-pop-e2020
TC-NC,1169,ghs-pop-e2020
TC-PW,30269,ghs-pop-e2020
TC-SA,65,ghs-pop-e2020
TC-SC,1022,ghs-pop-e2020
TD-BA,702443,ghs-pop-e2020
TD-BE,425155,ghs-pop-e2020
TD-BO,257513,ghs-pop-e2020
TD-CB,826063,ghs-pop-e2020
TD-EE,73340,ghs-pop-e2020
TD-EO,129395,ghs-pop-e2020
TD-GR,792294,ghs-pop-e2020
TD-HL,791814,ghs-pop-e2020
TD-KA,556539,ghs-pop-e2020
TD-LC,626510,ghs-pop-e2020
TD-LO,802995,ghs-pop-e2020
TD-LR,1288927,ghs-pop-e2020
TD-MA,880354,ghs-pop-e2020
TD-MC,826049,ghs-pop-e2020
TD-ME,1062884,ghs-pop-e2020
TD-MO,786821,ghs-pop-e2020
TD-ND,1473324,ghs-pop-e2020
TD-OD,1170326,ghs-pop-e2020
TD-SA,425813,ghs-pop-e2020
TD-SI,623294,ghs-pop-e2020
TD-TA,861309,ghs-pop-e2020
TD-TI,53482,ghs-pop-e2020
TD-WF,1199630,ghs-pop-e2020
TF-IC,501827,level-median
TF-IE,501827,level-median
TF-IS,501827,level-median
TF-KE,501827,level-median
TG-CE,846999,ghs-pop-e2020
TG-KA,991041,ghs-pop-e2020
TG-MA,3478857,ghs-pop-e2020
TG-PL,1819776,ghs-pop-e2020
TG-SA,1245676,ghs-pop-e2020
TH-AMC,293880,ghs-pop-e2020
TH-ANT,219623,ghs-pop-e2020
TH-BAM,11314072,ghs-pop-e2020
TH-BUK,303739,ghs-pop-e2020
TH-BUR,1205623,ghs-pop-e2020
TH-CHA,793667,ghs-pop-e2020
TH-CHB,1558491,ghs-pop-e2020
TH-CHI,628748,ghs-pop-e2020
TH-CHM,2104377,ghs-pop-e2020
TH-CHN,238510,ghs-pop-e2020
TH-CHO,756580,ghs-pop-e2020
TH-CHR,1288539,ghs-pop-e2020
TH-CHU,490018,ghs-pop-e2020
TH-KAL,891199,ghs-pop-e2020
TH-KAN,793582,ghs-pop-e2020
TH-KAP,853959,ghs-pop-e2020
TH-KHK,1769586,ghs-pop-e2020
TH-KRA,342134,ghs-pop-e2020
TH-LAM,795691,ghs-pop-e2020
TH-LAN,490760,ghs-pop-e2020
TH-LOB,999222,ghs-pop-e2020
TH-LOE,591340,ghs-pop-e2020
TH-MAS,754643,ghs-pop-e2020
TH-MHS,189182,ghs-pop-e2020
TH-MUK,420257,ghs-pop-e2020
TH-NAN,433935,ghs-pop-e2020
TH-NAP,1026767,ghs-pop-e2020
TH-NAR,2325080,ghs-pop-e2020
TH-NAS,860203,ghs-pop-e2020
TH-NAT,606839,ghs-pop-e2020
TH-NBL,521027,ghs-pop-e2020
TH-NNA,232754,ghs-pop-e2020
TH-NOK,397496,ghs-pop-e2020
TH-NON,1843554,ghs-pop-e2020
TH-NPH,527502,ghs-pop-e2020
TH-NST,1340803,ghs-pop-e2020
TH-PAI,557014,ghs-pop-e2020
TH-PAT,1774672,ghs-pop-e2020
TH-PHN,247972,ghs-pop-e2020
TH-PHC,464158,ghs-pop-e2020
TH-PHA,532585,ghs-pop-e2020
TH-PHI,951716,ghs-pop-e2020
TH-PHE,862331,ghs-pop-e2020
TH-PHO,438840,ghs-pop-e2020
TH-PHR,476841,ghs-pop-e2020
TH-PHT,496524,ghs-pop-e2020
TH-PHU,770737,ghs-pop-e2020
TH-PKK,426475,ghs-pop-e2020
TH-PNS,864452,ghs-pop-e2020
TH-PRB,661819,ghs-pop-e2020
TH-RAN,339950,ghs-pop-e2020
TH-RAT,758541,ghs-pop-e2020
TH-RAY,904594,ghs-pop-e2020
TH-ROE,1050749,ghs-pop-e2020
TH-SAK,607337,ghs-pop-e2020
TH-SAN,942490,ghs-pop-e2020
TH-SAP,2556724,ghs-pop-e2020
TH-SAR,821627,ghs-pop-e2020
TH-SAS,1171815,ghs-pop-e2020
TH-SAT,269559,ghs-pop-e2020
TH-SIB,141352,ghs-pop-e2020
TH-SON,1726932,ghs-pop-e2020
TH-SSK,848349,ghs-pop-e2020
TH-SSO,156931,ghs-pop-e2020
TH-SUB,931654,ghs-pop-e2020
TH-SUK,620522,ghs-pop-e2020
TH-SUR,876731,ghs-pop-e2020
TH-SUT,1004997,ghs-pop-e2020
TH-TAK,565789,ghs-pop-e2020
TH-TRA,540036,ghs-pop-e2020
TH-TRT,241072,ghs-pop-e2020
TH-UBR,1794919,ghs-pop-e2020
TH-UDT,1052959,ghs-pop-e2020
TH-UTH,266801,ghs-pop-e2020
TH-UTT,484915,ghs-pop-e2020
TH-YAL,411437,ghs-pop-e2020
TH-YAS,391106,ghs-pop-e2020
TJ-DR,2093715,ghs-pop-e2020
TJ-DU,1070159,ghs-pop-e2020
TJ-GB,228401,ghs-pop-e2020
TJ-KT,3457095,ghs-pop-e2020
TJ-SU,2703662,ghs-pop-e2020
TK-AN,182,ghs-pop-e2020
TK-FA,120,ghs-pop-e2020
TK-NU,66,ghs-pop-e2020
TL-AL,63139,ghs-pop-e2020
TL-AM,67369,ghs-pop-e2020
TL-AN,60113,ghs-pop-e2020
TL-BA,120078,ghs-pop-e2020
TL-BO,99861,ghs-pop-e2020
TL-CO,66998,ghs-pop-e2020
TL-DI,348863,ghs-pop-e2020
TL-ER,134969,ghs-pop-e2020
TL-LA,61032,ghs-pop-e2020
TL-LI,71242,ghs-pop-e2020
TL-MF,50711,ghs-pop-e2020
TL-MT,49199,ghs-pop-e2020
TL-VI,76604,ghs-pop-e2020
TM-AH,644368,ghs-pop-e2020
TM-AS,1177392,ghs-pop-e2020
TM-BA,507600,ghs-pop-e2020
TM-DA,1278128,ghs-pop-e2020
TM-LE,1242294,ghs-pop-e2020
TM-MA,1399338,ghs-pop-e2020
TN-AR,667124,ghs-pop-e2020
TN-BA,740919,ghs-pop-e2020
TN-BE,308791,ghs-pop-e2020
TN-BI,584154,ghs-pop-e2020
TN-GA,402964,ghs-pop-e2020
TN-GF,356560,ghs-pop-e2020
TN-JE,402926,ghs-pop-e2020
TN-KA,615769,ghs-pop-e2020
TN-KE,170392,ghs-pop-e2020
TN-KS,465063,ghs-pop-e2020
TN-LK,237975,ghs-pop-e2020
TN-MA,434622,ghs-pop-e2020
TN-ME,512505,ghs-pop-e2020
TN-MN,290015,ghs-pop-e2020
TN-MO,609611,ghs-pop-e2020
TN-NA,856019,ghs-pop-e2020
TN-SB,465449,ghs-pop-e2020
TN-SF,1056601,ghs-pop-e2020
TN-SI,222122,ghs-pop-e2020
TN-SO,767938,ghs-pop-e2020
TN-TA,160564,ghs-pop-e2020
TN-TO,117542,ghs-pop-e2020
TN-TU,1322142,ghs-pop-e2020
TN-ZA,195275,ghs-pop-e2020
TO-EU,4314,ghs-pop-e2020
TO-HA,4079,ghs-pop-e2020
TO-NI,685,ghs-pop-e2020
TO-TO,70657,ghs-pop-e2020
TO-VU,10867,ghs-pop-e2020
TR-AD,1773259,ghs-pop-e2020
TR-AF,691461,ghs-pop-e2020
TR-AG,625833,ghs-pop-e2020
TR-AK,410651,ghs-pop-e2020
TR-AM,350540,ghs-pop-e2020
TR-AN,5912217,ghs-pop-e2020
TR-AR,155458,ghs-pop-e2020
TR-AY,1156415,ghs-pop-e2020
TR-BA,1341204,ghs-pop-e2020
TR-BD,294384,ghs-pop-e2020
TR-BI,316818,ghs-pop-e2020
TR-BL,290604,ghs-pop-e2020
TR-BN,290844,ghs-pop-e2020
TR-BO,308634,ghs-pop-e2020
TR-BR,213612,ghs-pop-e2020
TR-BT,661598,ghs-pop-e2020
TR-BU,3308587,ghs-pop-e2020
TR-BY,65141,ghs-pop-e2020
TR-CA,550794,ghs-pop-e2020
TR-CN,176229,ghs-pop-e2020
TR-CO,585107,ghs-pop-e2020
TR-DE,1059869,ghs-pop-e2020
TR-DI,1795841,ghs-pop-e2020
TR-DU,406189,ghs-pop-e2020
TR-DY,634392,ghs-pop-e2020
TR-ED,449469,ghs-pop-e2020
TR-EL,649179,ghs-pop-e2020
TR-ER,761391,ghs-pop-e2020
TR-ES,949963,ghs-pop-e2020
TR-GA,2271028,ghs-pop-e2020
TR-GI,334221,ghs-pop-e2020
TR-GU,104160,ghs-pop-e2020
TR-HA,1929639,ghs-pop-e2020
TR-HK,298898,ghs-pop-e2020
TR-IG,225064,ghs-pop-e2020
TR-IS,13936862,ghs-pop-e2020
TR-IZ,3878582,ghs-pop-e2020
TR-KR,317097,ghs-pop-e2020
TR-KB,265415,ghs-pop-e2020
TR-KC,2099617,ghs-pop-e2020
TR-KE,263502,ghs-pop-e2020
TR-KI,379125,ghs-pop-e2020
TR-KL,156717,ghs-pop-e2020
TR-KM,1229241,ghs-pop-e2020
TR-KN,269648,ghs-pop-e2020
TR-KO,2328947,ghs-pop-e2020
TR-AA,254000,ghs-pop-e2020
TR-KS,384015,ghs-pop-e2020
TR-KU,613668,ghs-pop-e2020
TR-KA,1464131,ghs-pop-e2020
TR-MA,1702948,ghs-pop-e2020
TR-ME,1650097,ghs-pop-e2020
TR-ML,801441,ghs-pop-e2020
TR-MR,912821,ghs-pop-e2020
TR-MS,414606,ghs-pop-e2020
TR-MU,999817,ghs-pop-e2020
TR-NE,295237,ghs-pop-e2020
TR-NI,371691,ghs-pop-e2020
TR-NT,2525893,ghs-pop-e2020
TR-OR,627926,ghs-pop-e2020
TR-OS,577438,ghs-pop-e2020
TR-RD,94439,ghs-pop-e2020
TR-RI,271473,ghs-pop-e2020
TR-RZ,186741,ghs-pop-e2020
TR-SA,2166523,ghs-pop-e2020
TR-SI,589799,ghs-pop-e2020
TR-SK,995488,ghs-pop-e2020
TR-SM,1462200,ghs-pop-e2020
TR-SN,188277,ghs-pop-e2020
TR-SP,463948,ghs-pop-e2020
TR-SR,373141,ghs-pop-e2020
TR-SV,690008,ghs-pop-e2020
TR-TE,1090757,ghs-pop-e2020
TR-TO,536886,ghs-pop-e2020
TR-TR,656811,ghs-pop-e2020
TR-TU,71855,ghs-pop-e2020
TR-US,401040,ghs-pop-e2020
TR-VA,1369028,ghs-pop-e2020
TR-YA,252242,ghs-pop-e2020
TR-YO,382866,ghs-pop-e2020
TR-ZI,669638,ghs-pop-e2020
TT-ARI,39528,ghs-pop-e2020
TT-CHA,111998,ghs-pop-e2020
TT-CTT,213476,ghs-pop-e2020
TT-DMN,108505,ghs-pop-e2020
TT-MRC,37453,ghs-pop-e2020
TT-PED,98861,ghs-pop-e2020
TT-POS,44133,ghs-pop-e2020
TT-PRT,112438,ghs-pop-e2020
TT-PTF,23030,ghs-pop-e2020
TT-SFO,48751,ghs-pop-e2020
TT-SGE,88616,ghs-pop-e2020
TT-SIP,92208,ghs-pop-e2020
TT-SJL,174886,ghs-pop-e2020
TT-TOB,63466,ghs-pop-e2020
TT-TUP,230586,ghs-pop-e2020
TV-FUN,2740,ghs-pop-e2020
TV-NIT,226,ghs-pop-e2020
TV-NIU,3,ghs-pop-e2020
TV-NKF,258,ghs-pop-e2020
TV-NKL,32,ghs-pop-e2020
TV-NMA,88,ghs-pop-e2020
TV-NMG,242,ghs-pop-e2020
TV-NUI,166,ghs-pop-e2020
TV-VAI,678,ghs-pop-e2020
TW-FUJ,60367,ghs-pop-e2020
TW-KHH,2728585,ghs-pop-e2020
TW-NWT,4431254,ghs-pop-e2020
TW-TAI,9335894,ghs-pop-e2020
TW-TNN,1685641,ghs-pop-e2020
TW-TPE,2438865,ghs-pop-e2020
TW-TXG,2947809,ghs-pop-e2020
TZ-AR,2234018,ghs-pop-e2020
TZ-DE,7068187,ghs-pop-e2020
TZ-DO,2714744,ghs-pop-e2020
TZ-GE,2752300,ghs-pop-e2020
TZ-IR,1155945,ghs-pop-e2020
TZ-KA,3174491,ghs-pop-e2020
TZ-KI,2886969,ghs-pop-e2020
TZ-KP,256709,ghs-pop-e2020
TZ-KL,2088317,ghs-pop-e2020
TZ-KS,230276,ghs-pop-e2020
TZ-KN,139041,ghs-pop-e2020
TZ-KT,804623,ghs-pop-e2020
TZ-KU,253105,ghs-pop-e2020
TZ-LI,1027224,ghs-pop-e2020
TZ-MA,2335757,ghs-pop-e2020
TZ-MB,2269261,ghs-pop-e2020
TZ-MM,864434,ghs-pop-e2020
TZ-MN,2024691,ghs-pop-e2020
TZ-MO,2951662,ghs-pop-e2020
TZ-MT,1572750,ghs-pop-e2020
TZ-MW,3691812,ghs-pop-e2020
TZ-NJ,829512,ghs-pop-e2020
TZ-PW,1463903,ghs-pop-e2020
TZ-RK,1422775,ghs-pop-e2020
TZ-RU,1787690,ghs-pop-e2020
TZ-SH,2013483,ghs-pop-e2020
TZ-SI,2282709,ghs-pop-e2020
TZ-SN,1835136,ghs-pop-e2020
TZ-SO,1449510,ghs-pop-e2020
TZ-TA,3218031,ghs-pop-e2020
TZ-TN,2726299,ghs-pop-e2020
UA-CE,1008032,ghs-pop-e2020
UA-CH,1196057,ghs-pop-e2020
UA-CN,899767,ghs-pop-e2020
UA-CR,1875376,ghs-pop-e2020
UA-DK,4118234,ghs-pop-e2020
UA-DN,3134910,ghs-pop-e2020
UA-IF,1363624,ghs-pop-e2020
UA-KC,2493759,ghs-pop-e2020
UA-KE,1019322,ghs-pop-e2020
UA-KH,2652935,ghs-pop-e2020
UA-KI,1664471,ghs-pop-e2020
UA-KN,1250985,ghs-pop-e2020
UA-KR,922700,ghs-pop-e2020
UA-LK,2109916,ghs-pop-e2020
UA-LV,2475558,ghs-pop-e2020
UA-MY,1122002,ghs-pop-e2020
UA-OD,2303629,ghs-pop-e2020
UA-PO,1375971,ghs-pop-e2020
UA-RI,1143168,ghs-pop-e2020
UA-SE,370621,ghs-pop-e2020
UA-SU,1061938,ghs-pop-e2020
UA-TE,1037080,ghs-pop-e2020
UA-VI,1552284,ghs-pop-e2020
UA-VO,1032384,ghs-pop-e2020
UA-XA,501827,level-median
UA-ZA,1701536,ghs-pop-e2020
UA-ZH,1208607,ghs-pop-e2020
UA-ZK,1250388,ghs-pop-e2020
UG-ADJ,276232,ghs-pop-e2020
UG-APA,1278306,ghs-pop-e2020
UG-ARU,1492811,ghs-pop-e2020
UG-BUA,410227,ghs-pop-e2020
UG-BUG,757326,ghs-pop-e2020
UG-BUN,351520,ghs-pop-e2020
UG-BUS,1030900,ghs-pop-e2020
UG-GUL,1067651,ghs-pop-e2020
UG-HOI,773846,ghs-pop-e2020
UG-IGA,1253442,ghs-pop-e2020
UG-JIN,542194,ghs-pop-e2020
UG-KAM,1665236,ghs-pop-e2020
UG-KAB,616660,ghs-pop-e2020
UG-KAE,577911,ghs-pop-e2020
UG-KAI,1349206,ghs-pop-e2020
UG-KAL,51545,ghs-pop-e2020
UG-KMW,556707,ghs-pop-e2020
UG-KAN,294426,ghs-pop-e2020
UG-KAO,290916,ghs-pop-e2020
UG-KAP,379811,ghs-pop-e2020
UG-KAS,848453,ghs-pop-e2020
UG-KAT,559720,ghs-pop-e2020
UG-KAY,435411,ghs-pop-e2020
UG-KIA,480333,ghs-pop-e2020
UG-KIB,1152684,ghs-pop-e2020
UG-KIS,341953,ghs-pop-e2020
UG-KIT,392705,ghs-pop-e2020
UG-KOT,548848,ghs-pop-e2020
UG-KUM,764450,ghs-pop-e2020
UG-KYE,1025551,ghs-pop-e2020
UG-LIR,1330050,ghs-pop-e2020
UG-LUW,809040,ghs-pop-e2020
UG-MAI,856312,ghs-pop-e2020
UG-MAS,1052340,ghs-pop-e2020
UG-MAY,585669,ghs-pop-e2020
UG-MBA,2045134,ghs-pop-e2020
UG-MBE,1348991,ghs-pop-e2020
UG-MOR,317290,ghs-pop-e2020
UG-MOY,126342,ghs-pop-e2020
UG-MPI,608979,ghs-pop-e2020
UG-MUB,1323663,ghs-pop-e2020
UG-MUK,1353348,ghs-pop-e2020
UG-NAA,230495,ghs-pop-e2020
UG-NAK,387651,ghs-pop-e2020
UG-NEB,798250,ghs-pop-e2020
UG-NTU,591390,ghs-pop-e2020
UG-PAD,486147,ghs-pop-e2020
UG-PAL,1043413,ghs-pop-e2020
UG-RAK,747717,ghs-pop-e2020
UG-RUK,365490,ghs-pop-e2020
UG-SEM,313933,ghs-pop-e2020
UG-SIR,544766,ghs-pop-e2020
UG-SOR,772917,ghs-pop-e2020
UG-TOR,975321,ghs-pop-e2020
UG-WAK,2961726,ghs-pop-e2020
UG-YUM,708275,ghs-pop-e2020
UM-BA,501827,level-median
UM-HO,501827,level-median
UM-JI,501827,level-median
UM-JO,501827,level-median
UM-KR,501827,level-median
UM-MI,501827,level-median
UM-NA,501827,level-median
UM-PA,501827,level-median
UM-WA,501827,level-median
US-AK,725174,ghs-pop-e2020
US-AL,5014076,ghs-pop-e2020
US-AR,3090456,ghs-pop-e2020
US-AZ,7494526,ghs-pop-e2020
US-CA,40283335,ghs-pop-e2020
US-CO,5894363,ghs-pop-e2020
US-CT,3594289,ghs-pop-e2020
US-DC,704536,ghs-pop-e2020
US-DE,1002622,ghs-pop-e2020
US-FL,21651782,ghs-pop-e2020
US-GA,10878097,ghs-pop-e2020
US-HI,1407998,ghs-pop-e2020
US-IA,3217264,ghs-pop-e2020
US-ID,1845714,ghs-pop-e2020
US-IL,12918854,ghs-pop-e2020
US-IN,6858061,ghs-pop-e2020
US-KS,2981194,ghs-pop-e2020
US-KY,4579934,ghs-pop-e2020
US-LA,4735696,ghs-pop-e2020
US-MA,6928045,ghs-pop-e2020
US-MD,6108220,ghs-pop-e2020
US-ME,1344125,ghs-pop-e2020
US-MI,10170434,ghs-pop-e2020
US-MN,5794272,ghs-pop-e2020
US-MO,6284236,ghs-pop-e2020
US-MS,3038186,ghs-pop-e2020
US-MT,1096718,ghs-pop-e2020
US-NC,10768754,ghs-pop-e2020
US-ND,775024,ghs-pop-e2020
US-NE,1979638,ghs-pop-e2020
US-NH,1393548,ghs-pop-e2020
US-NJ,8976103,ghs-pop-e2020
US-NM,2167402,ghs-pop-e2020
US-NV,3170947,ghs-pop-e2020
US-NY,19481920,ghs-pop-e2020
US-OH,11928319,ghs-pop-e2020
US-OK,4061679,ghs-pop-e2020
US-OR,4329869,ghs-pop-e2020
US-PA,13057193,ghs-pop-e2020
US-RI,1046147,ghs-pop-e2020
US-SC,5284059,ghs-pop-e2020
US-SD,903903,ghs-pop-e2020
US-TN,7015047,ghs-pop-e2020
US-TX,29747304,ghs-pop-e2020
US-UT,3283839,ghs-pop-e2020
US-VA,8656775,ghs-pop-e2020
US-VT,640206,ghs-pop-e2020
US-WA,7666019,ghs-pop-e2020
US-WI,5928060,ghs-pop-e2020
US-WV,1824090,ghs-pop-e2020
US-WY,594588,ghs-pop-e2020
UY-AR,69862,ghs-pop-e2020
UY-CA,563808,ghs-pop-e2020
UY-CL,85788,ghs-pop-e2020
UY-CO,129350,ghs-pop-e2020
UY-DU,57627,ghs-pop-e2020
UY-FD,69684,ghs-pop-e2020
UY-FS,25847,ghs-pop-e2020
UY-LA,58594,ghs-pop-e2020
UY-MA,205195,ghs-pop-e2020
UY-MO,1276523,ghs-pop-e2020
UY-PA,119241,ghs-pop-e2020
UY-RN,58021,ghs-pop-e2020
UY-RO,68223,ghs-pop-e2020
UY-RV,111894,ghs-pop-e2020
UY-SA,133065,ghs-pop-e2020
UY-SJ,120200,ghs-pop-e2020
UY-SO,84429,ghs-pop-e2020
UY-TA,93808,ghs-pop-e2020
UY-TT,49126,ghs-pop-e2020
UZ-AN,3171361,ghs-pop-e2020
UZ-BU,1965694,ghs-pop-e2020
UZ-FA,3812680,ghs-pop-e2020
UZ-JI,1270846,ghs-pop-e2020
UZ-NG,2788089,ghs-pop-e2020
UZ-NW,1303884,ghs-pop-e2020
UZ-QA,3225605,ghs-pop-e2020
UZ-QR,1747043,ghs-pop-e2020
UZ-SA,3471712,ghs-pop-e2020
UZ-SI,871174,ghs-pop-e2020
UZ-SU,2588203,ghs-pop-e2020
UZ-TK,3377604,ghs-pop-e2020
UZ-TS,2143368,ghs-pop-e2020
UZ-XO,1915552,ghs-pop-e2020
VC-CH,22376,ghs-pop-e2020
VC-GR,7813,ghs-pop-e2020
VC-SA,13150,ghs-pop-e2020
VC-SD,4521,ghs-pop-e2020
VC-SG,39131,ghs-pop-e2020
VC-SP,6412,ghs-pop-e2020
VE-AM,175033,ghs-pop-e2020
VE-AN,1543999,ghs-pop-e2020
VE-AP,460085,ghs-pop-e2020
VE-AR,1539373,ghs-pop-e2020
VE-BA,953689,ghs-pop-e2020
VE-BO,1430335,ghs-pop-e2020
VE-CA,2352417,ghs-pop-e2020
VE-CO,362595,ghs-pop-e2020
VE-DA,247865,ghs-pop-e2020
VE-DC,1731303,ghs-pop-e2020
VE-DF,1297,ghs-pop-e2020
VE-FA,909529,ghs-pop-e2020
VE-GU,795941,ghs-pop-e2020
VE-LA,1815320,ghs-pop-e2020
VE-ME,852930,ghs-pop-e2020
VE-MI,2751898,ghs-pop-e2020
VE-MO,1075151,ghs-pop-e2020
VE-NE,521992,ghs-pop-e2020
VE-PO,928113,ghs-pop-e2020
VE-SU,894163,ghs-pop-e2020
VE-TA,1214222,ghs-pop-e2020
VE-TR,689259,ghs-pop-e2020
VE-VA,326224,ghs-pop-e2020
VE-YA,639303,ghs-pop-e2020
VE-ZU,3951348,ghs-pop-e2020
VG-AN,228,ghs-pop-e2020
VG-JV,246,ghs-pop-e2020
VG-OI,14,ghs-pop-e2020
VG-TO,23139,ghs-pop-e2020
VG-VG,3163,ghs-pop-e2020
VI-SC,45608,ghs-pop-e2020
VI-SJ,3222,ghs-pop-e2020
VI-ST,45496,ghs-pop-e2020
VN-AG,2199622,ghs-pop-e2020
VN-AL,2137181,ghs-pop-e2020
VN-AN,647448,ghs-pop-e2020
VN-BD,2492899,ghs-pop-e2020
VN-BE,1279722,ghs-pop-e2020
VN-BG,1534118,ghs-pop-e2020
VN-BI,1482976,ghs-pop-e2020
VN-BK,293327,ghs-pop-e2020
VN-BL,919055,ghs-pop-e2020
VN-BN,1107566,ghs-pop-e2020
VN-BP,1193739,ghs-pop-e2020
VN-BR,1270324,ghs-pop-e2020
VN-BT,1176173,ghs-pop-e2020
VN-CB,497341,ghs-pop-e2020
VN-CM,1279976,ghs-pop-e2020
VN-CT,2031361,ghs-pop-e2020
VN-DN,1075471,ghs-pop-e2020
VN-GL,1613759,ghs-pop-e2020
VN-HA,820043,ghs-pop-e2020
VN-HB,766263,ghs-pop-e2020
VN-HD,1802272,ghs-pop-e2020
VN-HG,746812,ghs-pop-e2020
VN-HN,7446839,ghs-pop-e2020
VN-HP,1888406,ghs-pop-e2020
VN-HT,1212806,ghs-pop-e2020
VN-HU,757200,ghs-pop-e2020
VN-HY,1207256,ghs-pop-e2020
VN-IB,519411,ghs-pop-e2020
VN-KG,1712597,ghs-pop-e2020
VN-KH,1171690,ghs-pop-e2020
VN-KT,563566,ghs-pop-e2020
VN-LA,1525849,ghs-pop-e2020
VN-LC,615005,ghs-pop-e2020
VN-LI,444150,ghs-pop-e2020
VN-LO,1446643,ghs-pop-e2020
VN-LS,723758,ghs-pop-e2020
VN-NA,2954221,ghs-pop-e2020
VN-NB,949227,ghs-pop-e2020
VN-NI,1892460,ghs-pop-e2020
VN-NT,575518,ghs-pop-e2020
VN-ON,3229136,ghs-pop-e2020
VN-OT,1763740,ghs-pop-e2020
VN-PT,1032967,ghs-pop-e2020
VN-PY,875790,ghs-pop-e2020
VN-QA,1163951,ghs-pop-e2020
VN-QB,865572,ghs-pop-e2020
VN-QN,1443173,ghs-pop-e2020
VN-QT,607371,ghs-pop-e2020
VN-QU,1296368,ghs-pop-e2020
VN-SG,10163767,ghs-pop-e2020
VN-SL,1124227,ghs-pop-e2020
VN-ST,1373902,ghs-pop-e2020
VN-TA,1372403,ghs-pop-e2020
VN-TB,1871841,ghs-pop-e2020
VN-TG,1744387,ghs-pop-e2020
VN-TH,3396044,ghs-pop-e2020
VN-TN,1125014,ghs-pop-e2020
VN-TQ,726760,ghs-pop-e2020
VN-TT,1085592,ghs-pop-e2020
VN-TV,1045585,ghs-pop-e2020
VN-VL,1059800,ghs-pop-e2020
VN-VP,1013692,ghs-pop-e2020
VN-YB,742738,ghs-pop-e2020
VU-MAP,32364,ghs-pop-e2020
VU-PAM,31805,ghs-pop-e2020
VU-SAM,54244,ghs-pop-e2020
VU-SEE,96471,ghs-pop-e2020
VU-TAE,36900,ghs-pop-e2020
VU-TOB,9643,ghs-pop-e2020
WF-AL,1929,ghs-pop-e2020
WF-SI,1108,ghs-pop-e2020
WF-UV,6726,ghs-pop-e2020
WS-AA,20779,ghs-pop-e2020
WS-AL,4254,ghs-pop-e2020
WS-AT,20349,ghs-pop-e2020
WS-FA,11701,ghs-pop-e2020
WS-GE,4845,ghs-pop-e2020
WS-GI,4637,ghs-pop-e2020
WS-PA,8481,ghs-pop-e2020
WS-SA,4450,ghs-pop-e2020
WS-TU,100562,ghs-pop-e2020
WS-VF,1403,ghs-pop-e2020
WS-VS,6333,ghs-pop-e2020
XA-AK,6692,ghs-pop-e2020
XA-DH,16798,ghs-pop-e2020
XK-AK,167123,ghs-pop-e2020
XK-GN,130240,ghs-pop-e2020
XK-KM,206837,ghs-pop-e2020
XK-PE,165964,ghs-pop-e2020
XK-PI,324778,ghs-pop-e2020
XK-PR,473201,ghs-pop-e2020
XK-UR,167990,ghs-pop-e2020
YE-AB,699017,ghs-pop-e2020
YE-AD,1050189,ghs-pop-e2020
YE-AL,758388,ghs-pop-e2020
YE-AM,1398803,ghs-pop-e2020
YE-BA,924522,ghs-pop-e2020
YE-DH,2131193,ghs-pop-e2020
YE-HD,1660205,ghs-pop-e2020
YE-HJ,2344747,ghs-pop-e2020
YE-HU,3547623,ghs-pop-e2020
YE-IB,3568344,ghs-pop-e2020
YE-JA,699089,ghs-pop-e2020
YE-LA,1169204,ghs-pop-e2020
YE-MA,380795,ghs-pop-e2020
YE-MR,140684,ghs-pop-e2020
YE-MW,795898,ghs-pop-e2020
YE-RA,597709,ghs-pop-e2020
YE-SA,2945690,ghs-pop-e2020
YE-SD,1089745,ghs-pop-e2020
YE-SH,751385,ghs-pop-e2020
YE-SN,1526244,ghs-pop-e2020
YE-TA,3923128,ghs-pop-e2020
YT-AC,4634,ghs-pop-e2020
YT-BA,13705,ghs-pop-e2020
YT-BN,9606,ghs-pop-e2020
YT-BO,6759,ghs-pop-e2020
YT-CH,11321,ghs-pop-e2020
YT-CI,7528,ghs-pop-e2020
YT-DE,15692,ghs-pop-e2020
YT-DZ,18137,ghs-pop-e2020
YT-KK,5298,ghs-pop-e2020
YT-KO,38258,ghs-pop-e2020
YT-MA,72149,ghs-pop-e2020
YT-MS,8001,ghs-pop-e2020
YT-MT,7019,ghs-pop-e2020
YT-OU,16845,ghs-pop-e2020
YT-PA,15419,ghs-pop-e2020
YT-SA,10224,ghs-pop-e2020
YT-TS,13798,ghs-pop-e2020
Z1-JK,14861406,ghs-pop-e2020
Z2-XU,142,ghs-pop-e2020
Z3-XI,736,ghs-pop-e2020
Z3-XU,3654,ghs-pop-e2020
Z4-HP,51,ghs-pop-e2020
Z5-UT,8,ghs-pop-e2020
Z6-AK,3711411,ghs-pop-e2020
Z6-GB,1045084,ghs-pop-e2020
Z7-AP,1039124,ghs-pop-e2020
Z8-XI,137,ghs-pop-e2020
Z9-HP,13,ghs-pop-e2020
Z9-UT,254,ghs-pop-e2020
ZA-EC,6720491,ghs-pop-e2020
ZA-FS,2770879,ghs-pop-e2020
ZA-GP,15485632,ghs-pop-e2020
ZA-KN,10741280,ghs-pop-e2020
ZA-LP,5808841,ghs-pop-e2020
ZA-MP,4635267,ghs-pop-e2020
ZA-NC,1321071,ghs-pop-e2020
ZA-NW,3976570,ghs-pop-e2020
ZA-WC,7238446,ghs-pop-e2020
ZM-CE,2011152,ghs-pop-e2020
ZM-CO,2635337,ghs-pop-e2020
ZM-EA,2250588,ghs-pop-e2020
ZM-LP,1669966,ghs-pop-e2020
ZM-LU,3637198,ghs-pop-e2020
ZM-MU,989122,ghs-pop-e2020
ZM-NO,1615938,ghs-pop-e2020
ZM-NW,938472,ghs-pop-e2020
ZM-SO,2070641,ghs-pop-e2020
ZM-WE,1138633,ghs-pop-e2020
ZN-GA,71209,ghs-pop-e2020
ZN-GI,87831,ghs-pop-e2020
ZN-GU,14746,ghs-pop-e2020
ZN-IS,18898,ghs-pop-e2020
ZN-NI,132830,ghs-pop-e2020
ZW-BU,580733,ghs-pop-e2020
ZW-HA,2079085,ghs-pop-e2020
ZW-MA,2155316,ghs-pop-e2020
ZW-MC,1488490,ghs-pop-e2020
ZW-ME,1840117,ghs-pop-e2020
ZW-MI,1970763,ghs-pop-e2020
ZW-MN,908026,ghs-pop-e2020
ZW-MS,818236,ghs-pop-e2020
ZW-MV,1882539,ghs-pop-e2020
ZW-MW,1942576,ghs-pop-e2020
